"0","#this chunk does the percentages for the totals for a given conference"
"0","#checking <- subset(data, gs_email ==""@monash.edu"" & data$pcs %like% ""CCGrid"")"
"0","#data <-read.csv(""persons.csv"", na.strings=c("" ""))"
"0","conferences = list(""ASPLOS"", ""ATC"", ""CCGrid"", ""CCS"", ""CIDR"", ""CLOUD"", ""Cluster"", ""CoNEXT"", ""EuroPar"",  ""EuroSys"", ""FAST"", ""HCW"", ""HiPC"", ""HotCloud"", ""HotI"", ""HotOS"", ""HotStorage"", ""HPCA"", ""HPCC"", ""HPDC"", ""ICAC"", ""ICDM"", ""ICPE"", ""ICPP"", ""IGSC"", ""IISWC"", ""IMC"", ""IPDPS"", ""ISC"", ""ISCA"", ""ISPASS"", ""KDD"", ""MASCOTS"", ""MICRO"", ""Middleware"", ""MobiCom"", ""NDSS"", ""NSDI"", ""OOPSLA"", ""PACT"", ""PLDI"", ""PODC"", ""PODS"", ""PPoPP"", ""SC"", ""SIGCOMM"", ""SIGIR"", ""SIGMETRICS"", ""SIGMOD"", ""SLE"", ""SOCC"", ""SOSP"", ""SP"", ""SPAA"", ""SYSTOR"", ""VEE"")"
"0","#CHOOSE YR CONFERENCE"
"0","#conferences = list(""SIGCOMM"")"
"0","#CHOOSE YR CONFERENCE"
"0","outlist <- list()"
"0","conf_names <- c()"
"0","percentages <- c()"
"0","Fpercentages <- c()"
"0","ratios <- c()"
"0","conf_namess <- c()"
"0","shade <- c()"
"0","currdoing = 2"
"0","i = 1"
"0","for (conf in conferences){"
"0","T_g <- subset(data, (data$pc_chairs %like% conf) | (data$pcs %like% conf) | (data$session_chairs %like% conf) | (data$panels %like% conf) | (data$keynotes %like% conf) | (data$papers %like% conf))"
"0","M_g <- subset(T_g, gender ==""M"")"
"0","F_g <- subset(T_g, gender==""F"")"
"0","NA_g <- subset(T_g, gender==""NA"")"
"0","T_pc_chair <- subset(data, data$pc_chairs %like% conf)"
"0","M_pc_chair <- subset(T_pc_chair, gender==""M"")"
"0","F_pc_chair <- subset(T_pc_chair, gender==""F"")"
"0","NA_pc_chair <- subset(T_pc_chair, gender==""NA"")"
"0","T_pc <- subset(data, data$pcs %like% conf)"
"0","M_pc <- subset(T_pc, gender==""M"")"
"0","F_pc <- subset(T_pc, gender==""F"")"
"0","NA_pc <- subset(T_pc, gender==""NA"")"
"0","T_session_chair <- subset(data, data$session_chairs %like% conf)"
"0","M_session_chair <- subset(T_session_chair, gender==""M"")"
"0","F_session_chair <- subset(T_session_chair, gender==""F"")"
"0","NA_session_chair <- subset(T_session_chair, gender==""NA"")"
"0","T_panelist <- subset(data, data$panels %like% conf)"
"0","M_panelist <- subset(T_panelist, gender==""M"")"
"0","F_panelist <- subset(T_panelist, gender==""F"")"
"0","NA_panelist <- subset(T_panelist, gender==""NA"")"
"0","T_keynote_speaker <- subset(data, data$keynotes %like% conf)"
"0","M_keynote_speaker <- subset(T_keynote_speaker, gender==""M"")"
"0","F_keynote_speaker <- subset(T_keynote_speaker, gender==""F"")"
"0","NA_keynote_speaker <- subset(T_keynote_speaker, gender==""NA"")"
"0","T_author <- subset(data, data$papers %like% conf)"
"0","M_author <- subset(T_author, gender==""M"")"
"0","F_author <- subset(T_author, gender==""F"")"
"0","NA_author <- subset(T_author, gender==""NA"")"
"0","total = ""Total"""
"0","pc_chair = ""pc_chair"""
"0","pc = ""pc"""
"0","session_chair = ""session_chair"""
"0","panelist = ""panelist"""
"0","keynote_speaker = ""keynote_speaker"""
"0","author = ""author"""
"0","frame_roles = c(total, pc_chair, pc, session_chair, panelist, keynote_speaker, author)"
"0","frame_totals = c(nrow(T_g), nrow(T_pc_chair), nrow(T_pc), nrow(T_session_chair), nrow(T_panelist), nrow(T_keynote_speaker), nrow(T_author))"
"0","frame_Ms = c(nrow(M_g), nrow(M_pc_chair), nrow(M_pc), nrow(M_session_chair), nrow(M_panelist), nrow(M_keynote_speaker), nrow(M_author))"
"0","frame_Mps = c((nrow(M_g)/nrow(T_g)*100), (nrow(M_pc_chair)/nrow(T_pc_chair)*100), (nrow(M_pc)/nrow(T_pc)*100), (nrow(M_session_chair)/nrow(T_session_chair)*100), (nrow(M_panelist)/nrow(T_panelist)*100), (nrow(M_keynote_speaker)/nrow(T_keynote_speaker)*100), (nrow(M_author)/nrow(T_author)*100))"
"0","frame_Fs = c(nrow(F_g), nrow(F_pc_chair), nrow(F_pc), nrow(F_session_chair), nrow(F_panelist), nrow(F_keynote_speaker), nrow(F_author))"
"0","frame_Fps = c((nrow(F_g)/nrow(T_g)*100), (nrow(F_pc_chair)/nrow(T_pc_chair)*100), (nrow(F_pc)/nrow(T_pc)*100), (nrow(F_session_chair)/nrow(T_session_chair)*100), (nrow(F_panelist)/nrow(T_panelist)*100), (nrow(F_keynote_speaker)/nrow(T_keynote_speaker)*100), (nrow(F_author)/nrow(T_author)*100))"
"0","frame_NAs = c(nrow(NA_g), nrow(NA_pc_chair), nrow(NA_pc), nrow(NA_session_chair), nrow(NA_panelist), nrow(NA_keynote_speaker), nrow(NA_author))"
"0","frame_NAps = c((nrow(NA_g)/nrow(T_g)*100), (nrow(NA_pc_chair)/nrow(T_pc_chair)*100), (nrow(NA_pc)/nrow(T_pc)*100), (nrow(NA_session_chair)/nrow(T_session_chair)*100), (nrow(NA_panelist)/nrow(T_panelist)*100), (nrow(NA_keynote_speaker)/nrow(T_keynote_speaker)*100), (nrow(NA_author)/nrow(T_author)*100))"
"0","conf_name <- conf"
"0","#frame_checkerrors = c(frame_Ms + frame_Fs + frame_NAs - frame_totals)"
"0","#frame_checkerrorps = c(frame_Mps + frame_Fps + frame_NAps - 100)"
"0","#emp.data <- data.frame(conf_name, frame_roles, frame_totals, frame_Ms, frame_Mps, frame_Fs, frame_Fps, frame_NAs, frame_NAps, frame_checkerrors, frame_checkerrorps)"
"0","emp.data <- data.frame(conf_name, frame_roles, frame_totals, frame_Ms, frame_Mps, frame_Fs, frame_Fps, frame_NAs, frame_NAps)"
"0","is.num <- sapply(emp.data, is.numeric)"
"0","emp.data[is.num] <- lapply(emp.data[is.num], round, 2)"
"0","colnames(emp.data) <- c(""Conf Name"", ""Role"", ""Totals"", ""  Ms"", "" M_%s"", ""  Fs"", "" F_%s"", ""  NAs"", "" NA_%s"")"
"0","conf_names <- c(conf_names, rep(conf_name,3))"
"0","Mpc = (emp.data[currdoing,5])"
"0","Fpc = (emp.data[currdoing,7])"
"0","NApc = (emp.data[currdoing,9])"
"0","percentages <- c(percentages, Mpc, Fpc, NApc)"
"0","Fpercentages <- c(Fpercentages, rep(Fpc,3))"
"0","conf_namess <-c(conf_namess, conf_name)"
"0","Mc = (emp.data[currdoing,4])"
"0","Fc = (emp.data[currdoing,6])"
"0","if(Mc == 0){"
"0","  rati = Fc/1"
"0","} else if (Fc == 0){"
"0","  rati = 0.01"
"0","} else {"
"0","  rati = Fc/Mc"
"0","}"
"0","ratios <- c(ratios, rati)"
"0","shade <- c(shade, ""1"")"
"0","outlist[[i]] <- emp.data"
"0","i = i + 1"
"0","}"
"0","outlist[[i]] <- empt.data"
"0","print(outlist)"
"1","[[1]]
"
"1"," "
"1"," Conf Name"
"1","            Role"
"1"," Totals"
"1","   Ms"
"1","   M_%s"
"1","   Fs"
"1","  F_%s"
"1","   NAs"
"1","  NA_%s"
"1","
1"
"1","    ASPLOS"
"1","           Total"
"1","    295"
"1","  214"
"1","  72.54"
"1","   43"
"1"," 14.58"
"1","    38"
"1","  12.88"
"1","
2"
"1","    ASPLOS"
"1","        pc_chair"
"1","      1"
"1","    1"
"1"," 100.00"
"1","    0"
"1","  0.00"
"1","     0"
"1","   0.00"
"1","
3"
"1","    ASPLOS"
"1","              pc"
"1","     49"
"1","   37"
"1","  75.51"
"1","   12"
"1"," 24.49"
"1","     0"
"1","   0.00"
"1","
4"
"1","    ASPLOS"
"1","   session_chair"
"1","     17"
"1","   13"
"1","  76.47"
"1","    4"
"1"," 23.53"
"1","     0"
"1","   0.00"
"1","
5"
"1","    ASPLOS"
"1","        panelist"
"1","      0"
"1","    0"
"1","    NaN"
"1","    0"
"1","   NaN"
"1","     0"
"1","    NaN"
"1","
6"
"1","    ASPLOS"
"1"," keynote_speaker"
"1","      2"
"1","    2"
"1"," 100.00"
"1","    0"
"1","  0.00"
"1","     0"
"1","   0.00"
"1","
7"
"1","    ASPLOS"
"1","          author"
"1","    247"
"1","  174"
"1","  70.45"
"1","   35"
"1"," 14.17"
"1","    38"
"1","  15.38"
"1","
"
"1","
"
"1","[[2]]
"
"1"," "
"1"," Conf Name"
"1","            Role"
"1"," Totals"
"1","   Ms"
"1","   M_%s"
"1","   Fs"
"1","  F_%s"
"1","   NAs"
"1","  NA_%s"
"1","
1"
"1","       ATC"
"1","           Total"
"1","    312"
"1","  209"
"1","  66.99"
"1","   49"
"1"," 15.71"
"1","    54"
"1","  17.31"
"1","
2"
"1","       ATC"
"1","        pc_chair"
"1","      2"
"1","    1"
"1","  50.00"
"1","    1"
"1"," 50.00"
"1","     0"
"1","   0.00"
"1","
3"
"1","       ATC"
"1","              pc"
"1","     33"
"1","   28"
"1","  84.85"
"1","    5"
"1"," 15.15"
"1","     0"
"1","   0.00"
"1","
4"
"1","       ATC"
"1","   session_chair"
"1","     17"
"1","   15"
"1","  88.24"
"1","    2"
"1"," 11.76"
"1","     0"
"1","   0.00"
"1","
5"
"1","       ATC"
"1","        panelist"
"1","      0"
"1","    0"
"1","    NaN"
"1","    0"
"1","   NaN"
"1","     0"
"1","    NaN"
"1","
6"
"1","       ATC"
"1"," keynote_speaker"
"1","      1"
"1","    1"
"1"," 100.00"
"1","    0"
"1","  0.00"
"1","     0"
"1","   0.00"
"1","
7"
"1","       ATC"
"1","          author"
"1","    279"
"1","  183"
"1","  65.59"
"1","   42"
"1"," 15.05"
"1","    54"
"1","  19.35"
"1","
"
"1","
"
"1","[[3]]
"
"1"," "
"1"," Conf Name"
"1","            Role"
"1"," Totals"
"1","   Ms"
"1","   M_%s"
"1","   Fs"
"1","  F_%s"
"1","   NAs"
"1","  NA_%s"
"1","
1"
"1","    CCGrid"
"1","           Total"
"1","    506"
"1","  402"
"1","  79.45"
"1","   66"
"1"," 13.04"
"1","    38"
"1","   7.51"
"1","
2"
"1","    CCGrid"
"1","        pc_chair"
"1","      3"
"1","    3"
"1"," 100.00"
"1","    0"
"1","  0.00"
"1","     0"
"1","   0.00"
"1","
3"
"1","    CCGrid"
"1","              pc"
"1","    220"
"1","  190"
"1","  86.36"
"1","   28"
"1"," 12.73"
"1","     2"
"1","   0.91"
"1","
4"
"1","    CCGrid"
"1","   session_chair"
"1","     13"
"1","   11"
"1","  84.62"
"1","    2"
"1"," 15.38"
"1","     0"
"1","   0.00"
"1","
5"
"1","    CCGrid"
"1","        panelist"
"1","      0"
"1","    0"
"1","    NaN"
"1","    0"
"1","   NaN"
"1","     0"
"1","    NaN"
"1","
6"
"1","    CCGrid"
"1"," keynote_speaker"
"1","      3"
"1","    3"
"1"," 100.00"
"1","    0"
"1","  0.00"
"1","     0"
"1","   0.00"
"1","
7"
"1","    CCGrid"
"1","          author"
"1","    296"
"1","  221"
"1","  74.66"
"1","   39"
"1"," 13.18"
"1","    36"
"1","  12.16"
"1","
"
"1","
"
"1","[[4]]
"
"1"," "
"1"," Conf Name"
"1","            Role"
"1"," Totals"
"1","   Ms"
"1","   M_%s"
"1","   Fs"
"1","  F_%s"
"1","   NAs"
"1","  NA_%s"
"1","
1"
"1","       CCS"
"1","           Total"
"1","    699"
"1","  516"
"1","  73.82"
"1","  107"
"1"," 15.31"
"1","    76"
"1","  10.87"
"1","
2"
"1","       CCS"
"1","        pc_chair"
"1","      3"
"1","    2"
"1","  66.67"
"1","    1"
"1"," 33.33"
"1","     0"
"1","   0.00"
"1","
3"
"1","       CCS"
"1","              pc"
"1","    145"
"1","  127"
"1","  87.59"
"1","   18"
"1"," 12.41"
"1","     0"
"1","   0.00"
"1","
4"
"1","       CCS"
"1","   session_chair"
"1","     48"
"1","   42"
"1","  87.50"
"1","    6"
"1"," 12.50"
"1","     0"
"1","   0.00"
"1","
5"
"1","       CCS"
"1","        panelist"
"1","      6"
"1","    4"
"1","  66.67"
"1","    2"
"1"," 33.33"
"1","     0"
"1","   0.00"
"1","
6"
"1","       CCS"
"1"," keynote_speaker"
"1","      1"
"1","    1"
"1"," 100.00"
"1","    0"
"1","  0.00"
"1","     0"
"1","   0.00"
"1","
7"
"1","       CCS"
"1","          author"
"1","    589"
"1","  423"
"1","  71.82"
"1","   90"
"1"," 15.28"
"1","    76"
"1","  12.90"
"1","
"
"1","
"
"1","[[5]]
"
"1"," "
"1"," Conf Name"
"1","            Role"
"1"," Totals"
"1","   Ms"
"1","  M_%s"
"1","   Fs"
"1","  F_%s"
"1","   NAs"
"1","  NA_%s"
"1","
1"
"1","      CIDR"
"1","           Total"
"1","    237"
"1","  200"
"1"," 84.39"
"1","   32"
"1"," 13.50"
"1","     5"
"1","   2.11"
"1","
2"
"1","      CIDR"
"1","        pc_chair"
"1","      3"
"1","    2"
"1"," 66.67"
"1","    1"
"1"," 33.33"
"1","     0"
"1","   0.00"
"1","
3"
"1","      CIDR"
"1","              pc"
"1","     30"
"1","   24"
"1"," 80.00"
"1","    6"
"1"," 20.00"
"1","     0"
"1","   0.00"
"1","
4"
"1","      CIDR"
"1","   session_chair"
"1","     12"
"1","    8"
"1"," 66.67"
"1","    4"
"1"," 33.33"
"1","     0"
"1","   0.00"
"1","
5"
"1","      CIDR"
"1","        panelist"
"1","      0"
"1","    0"
"1","   NaN"
"1","    0"
"1","   NaN"
"1","     0"
"1","    NaN"
"1","
6"
"1","      CIDR"
"1"," keynote_speaker"
"1","      2"
"1","    1"
"1"," 50.00"
"1","    1"
"1"," 50.00"
"1","     0"
"1","   0.00"
"1","
7"
"1","      CIDR"
"1","          author"
"1","    213"
"1","  180"
"1"," 84.51"
"1","   28"
"1"," 13.15"
"1","     5"
"1","   2.35"
"1","
"
"1","
"
"1","[[6]]
"
"1"," "
"1"," Conf Name"
"1","            Role"
"1"," Totals"
"1","   Ms"
"1","   M_%s"
"1","   Fs"
"1","  F_%s"
"1","   NAs"
"1","  NA_%s"
"1","
1"
"1","     CLOUD"
"1","           Total"
"1","    258"
"1","  178"
"1","  68.99"
"1","   45"
"1"," 17.44"
"1","    35"
"1","  13.57"
"1","
2"
"1","     CLOUD"
"1","        pc_chair"
"1","      1"
"1","    1"
"1"," 100.00"
"1","    0"
"1","  0.00"
"1","     0"
"1","   0.00"
"1","
3"
"1","     CLOUD"
"1","              pc"
"1","    128"
"1","  109"
"1","  85.16"
"1","   17"
"1"," 13.28"
"1","     2"
"1","   1.56"
"1","
4"
"1","     CLOUD"
"1","   session_chair"
"1","      0"
"1","    0"
"1","    NaN"
"1","    0"
"1","   NaN"
"1","     0"
"1","    NaN"
"1","
5"
"1","     CLOUD"
"1","        panelist"
"1","     29"
"1","   21"
"1","  72.41"
"1","    8"
"1"," 27.59"
"1","     0"
"1","   0.00"
"1","
6"
"1","     CLOUD"
"1"," keynote_speaker"
"1","      5"
"1","    4"
"1","  80.00"
"1","    1"
"1"," 20.00"
"1","     0"
"1","   0.00"
"1","
7"
"1","     CLOUD"
"1","          author"
"1","    110"
"1","   54"
"1","  49.09"
"1","   23"
"1"," 20.91"
"1","    33"
"1","  30.00"
"1","
"
"1","
"
"1","[[7]]
"
"1"," "
"1"," Conf Name"
"1","            Role"
"1"," Totals"
"1","   Ms"
"1","   M_%s"
"1","   Fs"
"1","  F_%s"
"1","   NAs"
"1","  NA_%s"
"1","
1"
"1","   Cluster"
"1","           Total"
"1","    400"
"1","  306"
"1","  76.50"
"1","   56"
"1"," 14.00"
"1","    38"
"1","   9.50"
"1","
2"
"1","   Cluster"
"1","        pc_chair"
"1","      2"
"1","    2"
"1"," 100.00"
"1","    0"
"1","  0.00"
"1","     0"
"1","   0.00"
"1","
3"
"1","   Cluster"
"1","              pc"
"1","    132"
"1","  106"
"1","  80.30"
"1","   25"
"1"," 18.94"
"1","     1"
"1","   0.76"
"1","
4"
"1","   Cluster"
"1","   session_chair"
"1","     19"
"1","   16"
"1","  84.21"
"1","    3"
"1"," 15.79"
"1","     0"
"1","   0.00"
"1","
5"
"1","   Cluster"
"1","        panelist"
"1","      0"
"1","    0"
"1","    NaN"
"1","    0"
"1","   NaN"
"1","     0"
"1","    NaN"
"1","
6"
"1","   Cluster"
"1"," keynote_speaker"
"1","      3"
"1","    2"
"1","  66.67"
"1","    1"
"1"," 33.33"
"1","     0"
"1","   0.00"
"1","
7"
"1","   Cluster"
"1","          author"
"1","    274"
"1","  205"
"1","  74.82"
"1","   32"
"1"," 11.68"
"1","    37"
"1","  13.50"
"1","
"
"1","
"
"1","[[8]]
"
"1"," "
"1"," Conf Name"
"1","            Role"
"1"," Totals"
"1","   Ms"
"1","   M_%s"
"1","   Fs"
"1","  F_%s"
"1","   NAs"
"1","  NA_%s"
"1","
1"
"1","    CoNEXT"
"1","           Total"
"1","    195"
"1","  140"
"1","  71.79"
"1","   27"
"1"," 13.85"
"1","    28"
"1","  14.36"
"1","
2"
"1","    CoNEXT"
"1","        pc_chair"
"1","      2"
"1","    1"
"1","  50.00"
"1","    1"
"1"," 50.00"
"1","     0"
"1","   0.00"
"1","
3"
"1","    CoNEXT"
"1","              pc"
"1","     48"
"1","   38"
"1","  79.17"
"1","   10"
"1"," 20.83"
"1","     0"
"1","   0.00"
"1","
4"
"1","    CoNEXT"
"1","   session_chair"
"1","     10"
"1","    9"
"1","  90.00"
"1","    1"
"1"," 10.00"
"1","     0"
"1","   0.00"
"1","
5"
"1","    CoNEXT"
"1","        panelist"
"1","      0"
"1","    0"
"1","    NaN"
"1","    0"
"1","   NaN"
"1","     0"
"1","    NaN"
"1","
6"
"1","    CoNEXT"
"1"," keynote_speaker"
"1","      1"
"1","    1"
"1"," 100.00"
"1","    0"
"1","  0.00"
"1","     0"
"1","   0.00"
"1","
7"
"1","    CoNEXT"
"1","          author"
"1","    145"
"1","   99"
"1","  68.28"
"1","   18"
"1"," 12.41"
"1","    28"
"1","  19.31"
"1","
"
"1","
"
"1","[[9]]
"
"1"," "
"1"," Conf Name"
"1","            Role"
"1"," Totals"
"1","   Ms"
"1","   M_%s"
"1","   Fs"
"1","  F_%s"
"1","   NAs"
"1","  NA_%s"
"1","
1"
"1","   EuroPar"
"1","           Total"
"1","    272"
"1","  222"
"1","  81.62"
"1","   39"
"1"," 14.34"
"1","    11"
"1","   4.04"
"1","
2"
"1","   EuroPar"
"1","        pc_chair"
"1","      4"
"1","    3"
"1","  75.00"
"1","    1"
"1"," 25.00"
"1","     0"
"1","   0.00"
"1","
3"
"1","   EuroPar"
"1","              pc"
"1","     86"
"1","   69"
"1","  80.23"
"1","   16"
"1"," 18.60"
"1","     1"
"1","   1.16"
"1","
4"
"1","   EuroPar"
"1","   session_chair"
"1","     14"
"1","   13"
"1","  92.86"
"1","    1"
"1","  7.14"
"1","     0"
"1","   0.00"
"1","
5"
"1","   EuroPar"
"1","        panelist"
"1","      0"
"1","    0"
"1","    NaN"
"1","    0"
"1","   NaN"
"1","     0"
"1","    NaN"
"1","
6"
"1","   EuroPar"
"1"," keynote_speaker"
"1","      2"
"1","    2"
"1"," 100.00"
"1","    0"
"1","  0.00"
"1","     0"
"1","   0.00"
"1","
7"
"1","   EuroPar"
"1","          author"
"1","    179"
"1","  146"
"1","  81.56"
"1","   23"
"1"," 12.85"
"1","    10"
"1","   5.59"
"1","
"
"1","
"
"1","[[10]]
"
"1"," "
"1"," Conf Name"
"1","            Role"
"1"," Totals"
"1","   Ms"
"1","   M_%s"
"1","   Fs"
"1","  F_%s"
"1","   NAs"
"1","  NA_%s"
"1","
1"
"1","   EuroSys"
"1","           Total"
"1","    213"
"1","  164"
"1","  77.00"
"1","   29"
"1"," 13.62"
"1","    20"
"1","   9.39"
"1","
2"
"1","   EuroSys"
"1","        pc_chair"
"1","      4"
"1","    4"
"1"," 100.00"
"1","    0"
"1","  0.00"
"1","     0"
"1","   0.00"
"1","
3"
"1","   EuroSys"
"1","              pc"
"1","     47"
"1","   31"
"1","  65.96"
"1","   16"
"1"," 34.04"
"1","     0"
"1","   0.00"
"1","
4"
"1","   EuroSys"
"1","   session_chair"
"1","     10"
"1","   10"
"1"," 100.00"
"1","    0"
"1","  0.00"
"1","     0"
"1","   0.00"
"1","
5"
"1","   EuroSys"
"1","        panelist"
"1","      0"
"1","    0"
"1","    NaN"
"1","    0"
"1","   NaN"
"1","     0"
"1","    NaN"
"1","
6"
"1","   EuroSys"
"1"," keynote_speaker"
"1","      0"
"1","    0"
"1","    NaN"
"1","    0"
"1","   NaN"
"1","     0"
"1","    NaN"
"1","
7"
"1","   EuroSys"
"1","          author"
"1","    169"
"1","  134"
"1","  79.29"
"1","   15"
"1","  8.88"
"1","    20"
"1","  11.83"
"1","
"
"1","
"
"1","[[11]]
"
"1"," "
"1"," Conf Name"
"1","            Role"
"1"," Totals"
"1","   Ms"
"1","   M_%s"
"1","   Fs"
"1","   F_%s"
"1","   NAs"
"1","  NA_%s"
"1","
1"
"1","      FAST"
"1","           Total"
"1","    148"
"1","  114"
"1","  77.03"
"1","   17"
"1","  11.49"
"1","    17"
"1","  11.49"
"1","
2"
"1","      FAST"
"1","        pc_chair"
"1","      2"
"1","    2"
"1"," 100.00"
"1","    0"
"1","   0.00"
"1","     0"
"1","   0.00"
"1","
3"
"1","      FAST"
"1","              pc"
"1","     34"
"1","   31"
"1","  91.18"
"1","    3"
"1","   8.82"
"1","     0"
"1","   0.00"
"1","
4"
"1","      FAST"
"1","   session_chair"
"1","      8"
"1","    8"
"1"," 100.00"
"1","    0"
"1","   0.00"
"1","     0"
"1","   0.00"
"1","
5"
"1","      FAST"
"1","        panelist"
"1","      0"
"1","    0"
"1","    NaN"
"1","    0"
"1","    NaN"
"1","     0"
"1","    NaN"
"1","
6"
"1","      FAST"
"1"," keynote_speaker"
"1","      1"
"1","    0"
"1","   0.00"
"1","    1"
"1"," 100.00"
"1","     0"
"1","   0.00"
"1","
7"
"1","      FAST"
"1","          author"
"1","    119"
"1","   88"
"1","  73.95"
"1","   14"
"1","  11.76"
"1","    17"
"1","  14.29"
"1","
"
"1","
"
"1","[[12]]
"
"1"," "
"1"," Conf Name"
"1","            Role"
"1"," Totals"
"1","   Ms"
"1","   M_%s"
"1","   Fs"
"1","  F_%s"
"1","   NAs"
"1","  NA_%s"
"1","
1"
"1","       HCW"
"1","           Total"
"1","     53"
"1","   43"
"1","  81.13"
"1","    9"
"1"," 16.98"
"1","     1"
"1","   1.89"
"1","
2"
"1","       HCW"
"1","        pc_chair"
"1","      1"
"1","    1"
"1"," 100.00"
"1","    0"
"1","  0.00"
"1","     0"
"1","   0.00"
"1","
3"
"1","       HCW"
"1","              pc"
"1","     21"
"1","   18"
"1","  85.71"
"1","    3"
"1"," 14.29"
"1","     0"
"1","   0.00"
"1","
4"
"1","       HCW"
"1","   session_chair"
"1","      4"
"1","    3"
"1","  75.00"
"1","    1"
"1"," 25.00"
"1","     0"
"1","   0.00"
"1","
5"
"1","       HCW"
"1","        panelist"
"1","      4"
"1","    3"
"1","  75.00"
"1","    1"
"1"," 25.00"
"1","     0"
"1","   0.00"
"1","
6"
"1","       HCW"
"1"," keynote_speaker"
"1","      1"
"1","    1"
"1"," 100.00"
"1","    0"
"1","  0.00"
"1","     0"
"1","   0.00"
"1","
7"
"1","       HCW"
"1","          author"
"1","     27"
"1","   21"
"1","  77.78"
"1","    5"
"1"," 18.52"
"1","     1"
"1","   3.70"
"1","
"
"1","
"
"1","[[13]]
"
"1"," "
"1"," Conf Name"
"1","            Role"
"1"," Totals"
"1","   Ms"
"1","   M_%s"
"1","   Fs"
"1","  F_%s"
"1","   NAs"
"1","  NA_%s"
"1","
1"
"1","      HiPC"
"1","           Total"
"1","    274"
"1","  219"
"1","  79.93"
"1","   28"
"1"," 10.22"
"1","    27"
"1","   9.85"
"1","
2"
"1","      HiPC"
"1","        pc_chair"
"1","      5"
"1","    5"
"1"," 100.00"
"1","    0"
"1","  0.00"
"1","     0"
"1","   0.00"
"1","
3"
"1","      HiPC"
"1","              pc"
"1","    102"
"1","   85"
"1","  83.33"
"1","   15"
"1"," 14.71"
"1","     2"
"1","   1.96"
"1","
4"
"1","      HiPC"
"1","   session_chair"
"1","     10"
"1","   10"
"1"," 100.00"
"1","    0"
"1","  0.00"
"1","     0"
"1","   0.00"
"1","
5"
"1","      HiPC"
"1","        panelist"
"1","      0"
"1","    0"
"1","    NaN"
"1","    0"
"1","   NaN"
"1","     0"
"1","    NaN"
"1","
6"
"1","      HiPC"
"1"," keynote_speaker"
"1","      3"
"1","    3"
"1"," 100.00"
"1","    0"
"1","  0.00"
"1","     0"
"1","   0.00"
"1","
7"
"1","      HiPC"
"1","          author"
"1","    168"
"1","  130"
"1","  77.38"
"1","   13"
"1","  7.74"
"1","    25"
"1","  14.88"
"1","
"
"1","
"
"1","[[14]]
"
"1"," "
"1"," Conf Name"
"1","            Role"
"1"," Totals"
"1","   Ms"
"1","   M_%s"
"1","   Fs"
"1","  F_%s"
"1","   NAs"
"1","  NA_%s"
"1","
1"
"1","  HotCloud"
"1","           Total"
"1","     91"
"1","   68"
"1","  74.73"
"1","   12"
"1"," 13.19"
"1","    11"
"1","  12.09"
"1","
2"
"1","  HotCloud"
"1","        pc_chair"
"1","      2"
"1","    2"
"1"," 100.00"
"1","    0"
"1","  0.00"
"1","     0"
"1","   0.00"
"1","
3"
"1","  HotCloud"
"1","              pc"
"1","     24"
"1","   20"
"1","  83.33"
"1","    4"
"1"," 16.67"
"1","     0"
"1","   0.00"
"1","
4"
"1","  HotCloud"
"1","   session_chair"
"1","      7"
"1","    6"
"1","  85.71"
"1","    1"
"1"," 14.29"
"1","     0"
"1","   0.00"
"1","
5"
"1","  HotCloud"
"1","        panelist"
"1","      0"
"1","    0"
"1","    NaN"
"1","    0"
"1","   NaN"
"1","     0"
"1","    NaN"
"1","
6"
"1","  HotCloud"
"1"," keynote_speaker"
"1","      1"
"1","    1"
"1"," 100.00"
"1","    0"
"1","  0.00"
"1","     0"
"1","   0.00"
"1","
7"
"1","  HotCloud"
"1","          author"
"1","     64"
"1","   45"
"1","  70.31"
"1","    8"
"1"," 12.50"
"1","    11"
"1","  17.19"
"1","
"
"1","
"
"1","[[15]]
"
"1"," "
"1"," Conf Name"
"1","            Role"
"1"," Totals"
"1","   Ms"
"1","   M_%s"
"1","   Fs"
"1","  F_%s"
"1","   NAs"
"1","  NA_%s"
"1","
1"
"1","      HotI"
"1","           Total"
"1","     76"
"1","   66"
"1","  86.84"
"1","    6"
"1","  7.89"
"1","     4"
"1","   5.26"
"1","
2"
"1","      HotI"
"1","        pc_chair"
"1","      2"
"1","    2"
"1"," 100.00"
"1","    0"
"1","  0.00"
"1","     0"
"1","   0.00"
"1","
3"
"1","      HotI"
"1","              pc"
"1","     23"
"1","   22"
"1","  95.65"
"1","    1"
"1","  4.35"
"1","     0"
"1","   0.00"
"1","
4"
"1","      HotI"
"1","   session_chair"
"1","      7"
"1","    5"
"1","  71.43"
"1","    2"
"1"," 28.57"
"1","     0"
"1","   0.00"
"1","
5"
"1","      HotI"
"1","        panelist"
"1","      7"
"1","    5"
"1","  71.43"
"1","    2"
"1"," 28.57"
"1","     0"
"1","   0.00"
"1","
6"
"1","      HotI"
"1"," keynote_speaker"
"1","      1"
"1","    1"
"1"," 100.00"
"1","    0"
"1","  0.00"
"1","     0"
"1","   0.00"
"1","
7"
"1","      HotI"
"1","          author"
"1","     44"
"1","   39"
"1","  88.64"
"1","    1"
"1","  2.27"
"1","     4"
"1","   9.09"
"1","
"
"1","
"
"1","[[16]]
"
"1"," "
"1"," Conf Name"
"1","            Role"
"1"," Totals"
"1","   Ms"
"1","  M_%s"
"1","   Fs"
"1","  F_%s"
"1","   NAs"
"1","  NA_%s"
"1","
1"
"1","     HotOS"
"1","           Total"
"1","    122"
"1","   93"
"1"," 76.23"
"1","   19"
"1"," 15.57"
"1","    10"
"1","   8.20"
"1","
2"
"1","     HotOS"
"1","        pc_chair"
"1","      2"
"1","    1"
"1"," 50.00"
"1","    1"
"1"," 50.00"
"1","     0"
"1","   0.00"
"1","
3"
"1","     HotOS"
"1","              pc"
"1","      9"
"1","    6"
"1"," 66.67"
"1","    3"
"1"," 33.33"
"1","     0"
"1","   0.00"
"1","
4"
"1","     HotOS"
"1","   session_chair"
"1","     10"
"1","    8"
"1"," 80.00"
"1","    2"
"1"," 20.00"
"1","     0"
"1","   0.00"
"1","
5"
"1","     HotOS"
"1","        panelist"
"1","      0"
"1","    0"
"1","   NaN"
"1","    0"
"1","   NaN"
"1","     0"
"1","    NaN"
"1","
6"
"1","     HotOS"
"1"," keynote_speaker"
"1","      0"
"1","    0"
"1","   NaN"
"1","    0"
"1","   NaN"
"1","     0"
"1","    NaN"
"1","
7"
"1","     HotOS"
"1","          author"
"1","    112"
"1","   87"
"1"," 77.68"
"1","   15"
"1"," 13.39"
"1","    10"
"1","   8.93"
"1","
"
"1","
"
"1","[[17]]
"
"1"," "
"1","  Conf Name"
"1","            Role"
"1"," Totals"
"1","   Ms"
"1","   M_%s"
"1","   Fs"
"1","  F_%s"
"1","   NAs"
"1","  NA_%s"
"1","
1"
"1"," HotStorage"
"1","           Total"
"1","    117"
"1","   79"
"1","  67.52"
"1","   20"
"1"," 17.09"
"1","    18"
"1","  15.38"
"1","
2"
"1"," HotStorage"
"1","        pc_chair"
"1","      2"
"1","    1"
"1","  50.00"
"1","    1"
"1"," 50.00"
"1","     0"
"1","   0.00"
"1","
3"
"1"," HotStorage"
"1","              pc"
"1","     21"
"1","   18"
"1","  85.71"
"1","    3"
"1"," 14.29"
"1","     0"
"1","   0.00"
"1","
4"
"1"," HotStorage"
"1","   session_chair"
"1","      8"
"1","    7"
"1","  87.50"
"1","    1"
"1"," 12.50"
"1","     0"
"1","   0.00"
"1","
5"
"1"," HotStorage"
"1","        panelist"
"1","      0"
"1","    0"
"1","    NaN"
"1","    0"
"1","   NaN"
"1","     0"
"1","    NaN"
"1","
6"
"1"," HotStorage"
"1"," keynote_speaker"
"1","      1"
"1","    1"
"1"," 100.00"
"1","    0"
"1","  0.00"
"1","     0"
"1","   0.00"
"1","
7"
"1"," HotStorage"
"1","          author"
"1","     94"
"1","   59"
"1","  62.77"
"1","   17"
"1"," 18.09"
"1","    18"
"1","  19.15"
"1","
"
"1","
"
"1","[[18]]
"
"1"," "
"1"," Conf Name"
"1","            Role"
"1"," Totals"
"1","   Ms"
"1","   M_%s"
"1","   Fs"
"1","  F_%s"
"1","   NAs"
"1","  NA_%s"
"1","
1"
"1","      HPCA"
"1","           Total"
"1","    256"
"1","  186"
"1","  72.66"
"1","   32"
"1"," 12.50"
"1","    38"
"1","  14.84"
"1","
2"
"1","      HPCA"
"1","        pc_chair"
"1","      1"
"1","    1"
"1"," 100.00"
"1","    0"
"1","  0.00"
"1","     0"
"1","   0.00"
"1","
3"
"1","      HPCA"
"1","              pc"
"1","     46"
"1","   39"
"1","  84.78"
"1","    7"
"1"," 15.22"
"1","     0"
"1","   0.00"
"1","
4"
"1","      HPCA"
"1","   session_chair"
"1","     15"
"1","   12"
"1","  80.00"
"1","    3"
"1"," 20.00"
"1","     0"
"1","   0.00"
"1","
5"
"1","      HPCA"
"1","        panelist"
"1","      0"
"1","    0"
"1","    NaN"
"1","    0"
"1","   NaN"
"1","     0"
"1","    NaN"
"1","
6"
"1","      HPCA"
"1"," keynote_speaker"
"1","      0"
"1","    0"
"1","    NaN"
"1","    0"
"1","   NaN"
"1","     0"
"1","    NaN"
"1","
7"
"1","      HPCA"
"1","          author"
"1","    215"
"1","  150"
"1","  69.77"
"1","   27"
"1"," 12.56"
"1","    38"
"1","  17.67"
"1","
"
"1","
"
"1","[[19]]
"
"1"," "
"1"," Conf Name"
"1","            Role"
"1"," Totals"
"1","   Ms"
"1","   M_%s"
"1","   Fs"
"1","  F_%s"
"1","   NAs"
"1","  NA_%s"
"1","
1"
"1","      HPCC"
"1","           Total"
"1","    368"
"1","  234"
"1","  63.59"
"1","   59"
"1"," 16.03"
"1","    75"
"1","  20.38"
"1","
2"
"1","      HPCC"
"1","        pc_chair"
"1","      2"
"1","    2"
"1"," 100.00"
"1","    0"
"1","  0.00"
"1","     0"
"1","   0.00"
"1","
3"
"1","      HPCC"
"1","              pc"
"1","     75"
"1","   63"
"1","  84.00"
"1","   12"
"1"," 16.00"
"1","     0"
"1","   0.00"
"1","
4"
"1","      HPCC"
"1","   session_chair"
"1","     26"
"1","   26"
"1"," 100.00"
"1","    0"
"1","  0.00"
"1","     0"
"1","   0.00"
"1","
5"
"1","      HPCC"
"1","        panelist"
"1","      6"
"1","    6"
"1"," 100.00"
"1","    0"
"1","  0.00"
"1","     0"
"1","   0.00"
"1","
6"
"1","      HPCC"
"1"," keynote_speaker"
"1","      6"
"1","    6"
"1"," 100.00"
"1","    0"
"1","  0.00"
"1","     0"
"1","   0.00"
"1","
7"
"1","      HPCC"
"1","          author"
"1","    287"
"1","  164"
"1","  57.14"
"1","   48"
"1"," 16.72"
"1","    75"
"1","  26.13"
"1","
"
"1","
"
"1","[[20]]
"
"1"," "
"1"," Conf Name"
"1","            Role"
"1"," Totals"
"1","   Ms"
"1","   M_%s"
"1","   Fs"
"1","  F_%s"
"1","   NAs"
"1","  NA_%s"
"1","
1"
"1","      HPDC"
"1","           Total"
"1","    124"
"1","   94"
"1","  75.81"
"1","   21"
"1"," 16.94"
"1","     9"
"1","   7.26"
"1","
2"
"1","      HPDC"
"1","        pc_chair"
"1","      2"
"1","    1"
"1","  50.00"
"1","    1"
"1"," 50.00"
"1","     0"
"1","   0.00"
"1","
3"
"1","      HPDC"
"1","              pc"
"1","     46"
"1","   38"
"1","  82.61"
"1","    8"
"1"," 17.39"
"1","     0"
"1","   0.00"
"1","
4"
"1","      HPDC"
"1","   session_chair"
"1","      7"
"1","    7"
"1"," 100.00"
"1","    0"
"1","  0.00"
"1","     0"
"1","   0.00"
"1","
5"
"1","      HPDC"
"1","        panelist"
"1","      3"
"1","    2"
"1","  66.67"
"1","    1"
"1"," 33.33"
"1","     0"
"1","   0.00"
"1","
6"
"1","      HPDC"
"1"," keynote_speaker"
"1","      2"
"1","    1"
"1","  50.00"
"1","    1"
"1"," 50.00"
"1","     0"
"1","   0.00"
"1","
7"
"1","      HPDC"
"1","          author"
"1","     76"
"1","   56"
"1","  73.68"
"1","   11"
"1"," 14.47"
"1","     9"
"1","  11.84"
"1","
"
"1","
"
"1","[[21]]
"
"1"," "
"1"," Conf Name"
"1","            Role"
"1"," Totals"
"1","   Ms"
"1","   M_%s"
"1","   Fs"
"1","  F_%s"
"1","   NAs"
"1","  NA_%s"
"1","
1"
"1","      ICAC"
"1","           Total"
"1","    106"
"1","   79"
"1","  74.53"
"1","   20"
"1"," 18.87"
"1","     7"
"1","   6.60"
"1","
2"
"1","      ICAC"
"1","        pc_chair"
"1","      2"
"1","    2"
"1"," 100.00"
"1","    0"
"1","  0.00"
"1","     0"
"1","   0.00"
"1","
3"
"1","      ICAC"
"1","              pc"
"1","     63"
"1","   51"
"1","  80.95"
"1","   11"
"1"," 17.46"
"1","     1"
"1","   1.59"
"1","
4"
"1","      ICAC"
"1","   session_chair"
"1","      6"
"1","    4"
"1","  66.67"
"1","    2"
"1"," 33.33"
"1","     0"
"1","   0.00"
"1","
5"
"1","      ICAC"
"1","        panelist"
"1","      0"
"1","    0"
"1","    NaN"
"1","    0"
"1","   NaN"
"1","     0"
"1","    NaN"
"1","
6"
"1","      ICAC"
"1"," keynote_speaker"
"1","      4"
"1","    3"
"1","  75.00"
"1","    1"
"1"," 25.00"
"1","     0"
"1","   0.00"
"1","
7"
"1","      ICAC"
"1","          author"
"1","     46"
"1","   31"
"1","  67.39"
"1","    9"
"1"," 19.57"
"1","     6"
"1","  13.04"
"1","
"
"1","
"
"1","[[22]]
"
"1"," "
"1"," Conf Name"
"1","            Role"
"1"," Totals"
"1","   Ms"
"1","   M_%s"
"1","   Fs"
"1","  F_%s"
"1","   NAs"
"1","  NA_%s"
"1","
1"
"1","      ICDM"
"1","           Total"
"1","    479"
"1","  321"
"1","  67.01"
"1","   96"
"1"," 20.04"
"1","    62"
"1","  12.94"
"1","
2"
"1","      ICDM"
"1","        pc_chair"
"1","      2"
"1","    2"
"1"," 100.00"
"1","    0"
"1","  0.00"
"1","     0"
"1","   0.00"
"1","
3"
"1","      ICDM"
"1","              pc"
"1","    219"
"1","  173"
"1","  79.00"
"1","   46"
"1"," 21.00"
"1","     0"
"1","   0.00"
"1","
4"
"1","      ICDM"
"1","   session_chair"
"1","     21"
"1","   16"
"1","  76.19"
"1","    5"
"1"," 23.81"
"1","     0"
"1","   0.00"
"1","
5"
"1","      ICDM"
"1","        panelist"
"1","     17"
"1","   11"
"1","  64.71"
"1","    6"
"1"," 35.29"
"1","     0"
"1","   0.00"
"1","
6"
"1","      ICDM"
"1"," keynote_speaker"
"1","      3"
"1","    2"
"1","  66.67"
"1","    1"
"1"," 33.33"
"1","     0"
"1","   0.00"
"1","
7"
"1","      ICDM"
"1","          author"
"1","    268"
"1","  156"
"1","  58.21"
"1","   50"
"1"," 18.66"
"1","    62"
"1","  23.13"
"1","
"
"1","
"
"1","[[23]]
"
"1"," "
"1"," Conf Name"
"1","            Role"
"1"," Totals"
"1","   Ms"
"1","   M_%s"
"1","   Fs"
"1","   F_%s"
"1","   NAs"
"1","  NA_%s"
"1","
1"
"1","      ICPE"
"1","           Total"
"1","    144"
"1","  101"
"1","  70.14"
"1","   26"
"1","  18.06"
"1","    17"
"1","  11.81"
"1","
2"
"1","      ICPE"
"1","        pc_chair"
"1","      2"
"1","    0"
"1","   0.00"
"1","    2"
"1"," 100.00"
"1","     0"
"1","   0.00"
"1","
3"
"1","      ICPE"
"1","              pc"
"1","     42"
"1","   26"
"1","  61.90"
"1","   16"
"1","  38.10"
"1","     0"
"1","   0.00"
"1","
4"
"1","      ICPE"
"1","   session_chair"
"1","      9"
"1","    5"
"1","  55.56"
"1","    4"
"1","  44.44"
"1","     0"
"1","   0.00"
"1","
5"
"1","      ICPE"
"1","        panelist"
"1","      0"
"1","    0"
"1","    NaN"
"1","    0"
"1","    NaN"
"1","     0"
"1","    NaN"
"1","
6"
"1","      ICPE"
"1"," keynote_speaker"
"1","      3"
"1","    3"
"1"," 100.00"
"1","    0"
"1","   0.00"
"1","     0"
"1","   0.00"
"1","
7"
"1","      ICPE"
"1","          author"
"1","    102"
"1","   77"
"1","  75.49"
"1","    8"
"1","   7.84"
"1","    17"
"1","  16.67"
"1","
"
"1","
"
"1","[[24]]
"
"1"," "
"1"," Conf Name"
"1","            Role"
"1"," Totals"
"1","   Ms"
"1","  M_%s"
"1","   Fs"
"1","  F_%s"
"1","   NAs"
"1","  NA_%s"
"1","
1"
"1","      ICPP"
"1","           Total"
"1","    376"
"1","  296"
"1"," 78.72"
"1","   56"
"1"," 14.89"
"1","    24"
"1","   6.38"
"1","
2"
"1","      ICPP"
"1","        pc_chair"
"1","     10"
"1","    9"
"1"," 90.00"
"1","    1"
"1"," 10.00"
"1","     0"
"1","   0.00"
"1","
3"
"1","      ICPP"
"1","              pc"
"1","    137"
"1","  112"
"1"," 81.75"
"1","   25"
"1"," 18.25"
"1","     0"
"1","   0.00"
"1","
4"
"1","      ICPP"
"1","   session_chair"
"1","     20"
"1","   18"
"1"," 90.00"
"1","    2"
"1"," 10.00"
"1","     0"
"1","   0.00"
"1","
5"
"1","      ICPP"
"1","        panelist"
"1","      0"
"1","    0"
"1","   NaN"
"1","    0"
"1","   NaN"
"1","     0"
"1","    NaN"
"1","
6"
"1","      ICPP"
"1"," keynote_speaker"
"1","      3"
"1","    2"
"1"," 66.67"
"1","    1"
"1"," 33.33"
"1","     0"
"1","   0.00"
"1","
7"
"1","      ICPP"
"1","          author"
"1","    234"
"1","  182"
"1"," 77.78"
"1","   28"
"1"," 11.97"
"1","    24"
"1","  10.26"
"1","
"
"1","
"
"1","[[25]]
"
"1"," "
"1"," Conf Name"
"1","            Role"
"1"," Totals"
"1","   Ms"
"1","   M_%s"
"1","   Fs"
"1","  F_%s"
"1","   NAs"
"1","  NA_%s"
"1","
1"
"1","      IGSC"
"1","           Total"
"1","    131"
"1","  104"
"1","  79.39"
"1","   18"
"1"," 13.74"
"1","     9"
"1","   6.87"
"1","
2"
"1","      IGSC"
"1","        pc_chair"
"1","      1"
"1","    1"
"1"," 100.00"
"1","    0"
"1","  0.00"
"1","     0"
"1","   0.00"
"1","
3"
"1","      IGSC"
"1","              pc"
"1","     48"
"1","   43"
"1","  89.58"
"1","    5"
"1"," 10.42"
"1","     0"
"1","   0.00"
"1","
4"
"1","      IGSC"
"1","   session_chair"
"1","     10"
"1","   10"
"1"," 100.00"
"1","    0"
"1","  0.00"
"1","     0"
"1","   0.00"
"1","
5"
"1","      IGSC"
"1","        panelist"
"1","      8"
"1","    7"
"1","  87.50"
"1","    1"
"1"," 12.50"
"1","     0"
"1","   0.00"
"1","
6"
"1","      IGSC"
"1"," keynote_speaker"
"1","      1"
"1","    1"
"1"," 100.00"
"1","    0"
"1","  0.00"
"1","     0"
"1","   0.00"
"1","
7"
"1","      IGSC"
"1","          author"
"1","     83"
"1","   62"
"1","  74.70"
"1","   12"
"1"," 14.46"
"1","     9"
"1","  10.84"
"1","
"
"1","
"
"1","[[26]]
"
"1"," "
"1"," Conf Name"
"1","            Role"
"1"," Totals"
"1","   Ms"
"1","   M_%s"
"1","   Fs"
"1","   F_%s"
"1","   NAs"
"1","  NA_%s"
"1","
1"
"1","     IISWC"
"1","           Total"
"1","    152"
"1","  102"
"1","  67.11"
"1","   21"
"1","  13.82"
"1","    29"
"1","  19.08"
"1","
2"
"1","     IISWC"
"1","        pc_chair"
"1","      1"
"1","    0"
"1","   0.00"
"1","    1"
"1"," 100.00"
"1","     0"
"1","   0.00"
"1","
3"
"1","     IISWC"
"1","              pc"
"1","     27"
"1","   22"
"1","  81.48"
"1","    4"
"1","  14.81"
"1","     1"
"1","   3.70"
"1","
4"
"1","     IISWC"
"1","   session_chair"
"1","      6"
"1","    6"
"1"," 100.00"
"1","    0"
"1","   0.00"
"1","     0"
"1","   0.00"
"1","
5"
"1","     IISWC"
"1","        panelist"
"1","      0"
"1","    0"
"1","    NaN"
"1","    0"
"1","    NaN"
"1","     0"
"1","    NaN"
"1","
6"
"1","     IISWC"
"1"," keynote_speaker"
"1","      2"
"1","    2"
"1"," 100.00"
"1","    0"
"1","   0.00"
"1","     0"
"1","   0.00"
"1","
7"
"1","     IISWC"
"1","          author"
"1","    121"
"1","   76"
"1","  62.81"
"1","   17"
"1","  14.05"
"1","    28"
"1","  23.14"
"1","
"
"1","
"
"1","[[27]]
"
"1"," "
"1"," Conf Name"
"1","            Role"
"1"," Totals"
"1","   Ms"
"1","  M_%s"
"1","   Fs"
"1","  F_%s"
"1","   NAs"
"1","  NA_%s"
"1","
1"
"1","       IMC"
"1","           Total"
"1","    154"
"1","  119"
"1"," 77.27"
"1","   24"
"1"," 15.58"
"1","    11"
"1","   7.14"
"1","
2"
"1","       IMC"
"1","        pc_chair"
"1","      2"
"1","    1"
"1"," 50.00"
"1","    1"
"1"," 50.00"
"1","     0"
"1","   0.00"
"1","
3"
"1","       IMC"
"1","              pc"
"1","     39"
"1","   32"
"1"," 82.05"
"1","    7"
"1"," 17.95"
"1","     0"
"1","   0.00"
"1","
4"
"1","       IMC"
"1","   session_chair"
"1","     11"
"1","    9"
"1"," 81.82"
"1","    2"
"1"," 18.18"
"1","     0"
"1","   0.00"
"1","
5"
"1","       IMC"
"1","        panelist"
"1","      0"
"1","    0"
"1","   NaN"
"1","    0"
"1","   NaN"
"1","     0"
"1","    NaN"
"1","
6"
"1","       IMC"
"1"," keynote_speaker"
"1","      0"
"1","    0"
"1","   NaN"
"1","    0"
"1","   NaN"
"1","     0"
"1","    NaN"
"1","
7"
"1","       IMC"
"1","          author"
"1","    124"
"1","   96"
"1"," 77.42"
"1","   17"
"1"," 13.71"
"1","    11"
"1","   8.87"
"1","
"
"1","
"
"1","[[28]]
"
"1"," "
"1"," Conf Name"
"1","            Role"
"1"," Totals"
"1","   Ms"
"1","  M_%s"
"1","   Fs"
"1","  F_%s"
"1","   NAs"
"1","  NA_%s"
"1","
1"
"1","     IPDPS"
"1","           Total"
"1","    699"
"1","  534"
"1"," 76.39"
"1","  109"
"1"," 15.59"
"1","    56"
"1","   8.01"
"1","
2"
"1","     IPDPS"
"1","        pc_chair"
"1","      9"
"1","    7"
"1"," 77.78"
"1","    2"
"1"," 22.22"
"1","     0"
"1","   0.00"
"1","
3"
"1","     IPDPS"
"1","              pc"
"1","    286"
"1","  234"
"1"," 81.82"
"1","   52"
"1"," 18.18"
"1","     0"
"1","   0.00"
"1","
4"
"1","     IPDPS"
"1","   session_chair"
"1","     31"
"1","   28"
"1"," 90.32"
"1","    3"
"1","  9.68"
"1","     0"
"1","   0.00"
"1","
5"
"1","     IPDPS"
"1","        panelist"
"1","      0"
"1","    0"
"1","   NaN"
"1","    0"
"1","   NaN"
"1","     0"
"1","    NaN"
"1","
6"
"1","     IPDPS"
"1"," keynote_speaker"
"1","      3"
"1","    2"
"1"," 66.67"
"1","    1"
"1"," 33.33"
"1","     0"
"1","   0.00"
"1","
7"
"1","     IPDPS"
"1","          author"
"1","    448"
"1","  328"
"1"," 73.21"
"1","   64"
"1"," 14.29"
"1","    56"
"1","  12.50"
"1","
"
"1","
"
"1","[[29]]
"
"1"," "
"1"," Conf Name"
"1","            Role"
"1"," Totals"
"1","   Ms"
"1","   M_%s"
"1","   Fs"
"1","  F_%s"
"1","   NAs"
"1","  NA_%s"
"1","
1"
"1","       ISC"
"1","           Total"
"1","    560"
"1","  433"
"1","  77.32"
"1","   78"
"1"," 13.93"
"1","    49"
"1","   8.75"
"1","
2"
"1","       ISC"
"1","        pc_chair"
"1","      3"
"1","    3"
"1"," 100.00"
"1","    0"
"1","  0.00"
"1","     0"
"1","   0.00"
"1","
3"
"1","       ISC"
"1","              pc"
"1","    125"
"1","   99"
"1","  79.20"
"1","   25"
"1"," 20.00"
"1","     1"
"1","   0.80"
"1","
4"
"1","       ISC"
"1","   session_chair"
"1","     51"
"1","   39"
"1","  76.47"
"1","   12"
"1"," 23.53"
"1","     0"
"1","   0.00"
"1","
5"
"1","       ISC"
"1","        panelist"
"1","     35"
"1","   31"
"1","  88.57"
"1","    4"
"1"," 11.43"
"1","     0"
"1","   0.00"
"1","
6"
"1","       ISC"
"1"," keynote_speaker"
"1","      9"
"1","    7"
"1","  77.78"
"1","    2"
"1"," 22.22"
"1","     0"
"1","   0.00"
"1","
7"
"1","       ISC"
"1","          author"
"1","    396"
"1","  299"
"1","  75.51"
"1","   49"
"1"," 12.37"
"1","    48"
"1","  12.12"
"1","
"
"1","
"
"1","[[30]]
"
"1"," "
"1"," Conf Name"
"1","            Role"
"1"," Totals"
"1","   Ms"
"1","   M_%s"
"1","   Fs"
"1","  F_%s"
"1","   NAs"
"1","  NA_%s"
"1","
1"
"1","      ISCA"
"1","           Total"
"1","    356"
"1","  260"
"1","  73.03"
"1","   53"
"1"," 14.89"
"1","    43"
"1","  12.08"
"1","
2"
"1","      ISCA"
"1","        pc_chair"
"1","      1"
"1","    1"
"1"," 100.00"
"1","    0"
"1","  0.00"
"1","     0"
"1","   0.00"
"1","
3"
"1","      ISCA"
"1","              pc"
"1","     70"
"1","   54"
"1","  77.14"
"1","   16"
"1"," 22.86"
"1","     0"
"1","   0.00"
"1","
4"
"1","      ISCA"
"1","   session_chair"
"1","     18"
"1","   12"
"1","  66.67"
"1","    6"
"1"," 33.33"
"1","     0"
"1","   0.00"
"1","
5"
"1","      ISCA"
"1","        panelist"
"1","      5"
"1","    3"
"1","  60.00"
"1","    2"
"1"," 40.00"
"1","     0"
"1","   0.00"
"1","
6"
"1","      ISCA"
"1"," keynote_speaker"
"1","      2"
"1","    2"
"1"," 100.00"
"1","    0"
"1","  0.00"
"1","     0"
"1","   0.00"
"1","
7"
"1","      ISCA"
"1","          author"
"1","    297"
"1","  213"
"1","  71.72"
"1","   41"
"1"," 13.80"
"1","    43"
"1","  14.48"
"1","
"
"1","
"
"1","[[31]]
"
"1"," "
"1"," Conf Name"
"1","            Role"
"1"," Totals"
"1","   Ms"
"1","   M_%s"
"1","   Fs"
"1","   F_%s"
"1","   NAs"
"1","  NA_%s"
"1","
1"
"1","    ISPASS"
"1","           Total"
"1","    138"
"1","   94"
"1","  68.12"
"1","   30"
"1","  21.74"
"1","    14"
"1","  10.14"
"1","
2"
"1","    ISPASS"
"1","        pc_chair"
"1","      1"
"1","    1"
"1"," 100.00"
"1","    0"
"1","   0.00"
"1","     0"
"1","   0.00"
"1","
3"
"1","    ISPASS"
"1","              pc"
"1","     39"
"1","   19"
"1","  48.72"
"1","   20"
"1","  51.28"
"1","     0"
"1","   0.00"
"1","
4"
"1","    ISPASS"
"1","   session_chair"
"1","      7"
"1","    3"
"1","  42.86"
"1","    4"
"1","  57.14"
"1","     0"
"1","   0.00"
"1","
5"
"1","    ISPASS"
"1","        panelist"
"1","      0"
"1","    0"
"1","    NaN"
"1","    0"
"1","    NaN"
"1","     0"
"1","    NaN"
"1","
6"
"1","    ISPASS"
"1"," keynote_speaker"
"1","      1"
"1","    0"
"1","   0.00"
"1","    1"
"1"," 100.00"
"1","     0"
"1","   0.00"
"1","
7"
"1","    ISPASS"
"1","          author"
"1","     98"
"1","   74"
"1","  75.51"
"1","   10"
"1","  10.20"
"1","    14"
"1","  14.29"
"1","
"
"1","
"
"1","[[32]]
"
"1"," "
"1"," Conf Name"
"1","            Role"
"1"," Totals"
"1","   Ms"
"1","   M_%s"
"1","   Fs"
"1","   F_%s"
"1","   NAs"
"1","  NA_%s"
"1","
1"
"1","       KDD"
"1","           Total"
"1","    594"
"1","  442"
"1","  74.41"
"1","   99"
"1","  16.67"
"1","    53"
"1","   8.92"
"1","
2"
"1","       KDD"
"1","        pc_chair"
"1","      2"
"1","    1"
"1","  50.00"
"1","    1"
"1","  50.00"
"1","     0"
"1","   0.00"
"1","
3"
"1","       KDD"
"1","              pc"
"1","    364"
"1","  323"
"1","  88.74"
"1","   41"
"1","  11.26"
"1","     0"
"1","   0.00"
"1","
4"
"1","       KDD"
"1","   session_chair"
"1","     25"
"1","   18"
"1","  72.00"
"1","    7"
"1","  28.00"
"1","     0"
"1","   0.00"
"1","
5"
"1","       KDD"
"1","        panelist"
"1","     11"
"1","   11"
"1"," 100.00"
"1","    0"
"1","   0.00"
"1","     0"
"1","   0.00"
"1","
6"
"1","       KDD"
"1"," keynote_speaker"
"1","      3"
"1","    0"
"1","   0.00"
"1","    3"
"1"," 100.00"
"1","     0"
"1","   0.00"
"1","
7"
"1","       KDD"
"1","          author"
"1","    237"
"1","  128"
"1","  54.01"
"1","   56"
"1","  23.63"
"1","    53"
"1","  22.36"
"1","
"
"1","
"
"1","[[33]]
"
"1"," "
"1"," Conf Name"
"1","            Role"
"1"," Totals"
"1","   Ms"
"1","   M_%s"
"1","   Fs"
"1","  F_%s"
"1","   NAs"
"1","  NA_%s"
"1","
1"
"1","   MASCOTS"
"1","           Total"
"1","    138"
"1","   98"
"1","  71.01"
"1","   29"
"1"," 21.01"
"1","    11"
"1","   7.97"
"1","
2"
"1","   MASCOTS"
"1","        pc_chair"
"1","      2"
"1","    2"
"1"," 100.00"
"1","    0"
"1","  0.00"
"1","     0"
"1","   0.00"
"1","
3"
"1","   MASCOTS"
"1","              pc"
"1","     61"
"1","   50"
"1","  81.97"
"1","   11"
"1"," 18.03"
"1","     0"
"1","   0.00"
"1","
4"
"1","   MASCOTS"
"1","   session_chair"
"1","     10"
"1","    9"
"1","  90.00"
"1","    1"
"1"," 10.00"
"1","     0"
"1","   0.00"
"1","
5"
"1","   MASCOTS"
"1","        panelist"
"1","      0"
"1","    0"
"1","    NaN"
"1","    0"
"1","   NaN"
"1","     0"
"1","    NaN"
"1","
6"
"1","   MASCOTS"
"1"," keynote_speaker"
"1","      3"
"1","    2"
"1","  66.67"
"1","    1"
"1"," 33.33"
"1","     0"
"1","   0.00"
"1","
7"
"1","   MASCOTS"
"1","          author"
"1","     75"
"1","   47"
"1","  62.67"
"1","   17"
"1"," 22.67"
"1","    11"
"1","  14.67"
"1","
"
"1","
"
"1","[[34]]
"
"1"," "
"1"," Conf Name"
"1","            Role"
"1"," Totals"
"1","   Ms"
"1","   M_%s"
"1","   Fs"
"1","  F_%s"
"1","   NAs"
"1","  NA_%s"
"1","
1"
"1","     MICRO"
"1","           Total"
"1","    363"
"1","  258"
"1","  71.07"
"1","   43"
"1"," 11.85"
"1","    62"
"1","  17.08"
"1","
2"
"1","     MICRO"
"1","        pc_chair"
"1","      2"
"1","    2"
"1"," 100.00"
"1","    0"
"1","  0.00"
"1","     0"
"1","   0.00"
"1","
3"
"1","     MICRO"
"1","              pc"
"1","     61"
"1","   53"
"1","  86.89"
"1","    8"
"1"," 13.11"
"1","     0"
"1","   0.00"
"1","
4"
"1","     MICRO"
"1","   session_chair"
"1","     15"
"1","   11"
"1","  73.33"
"1","    4"
"1"," 26.67"
"1","     0"
"1","   0.00"
"1","
5"
"1","     MICRO"
"1","        panelist"
"1","      6"
"1","    6"
"1"," 100.00"
"1","    0"
"1","  0.00"
"1","     0"
"1","   0.00"
"1","
6"
"1","     MICRO"
"1"," keynote_speaker"
"1","      2"
"1","    2"
"1"," 100.00"
"1","    0"
"1","  0.00"
"1","     0"
"1","   0.00"
"1","
7"
"1","     MICRO"
"1","          author"
"1","    306"
"1","  208"
"1","  67.97"
"1","   36"
"1"," 11.76"
"1","    62"
"1","  20.26"
"1","
"
"1","
"
"1","[[35]]
"
"1"," "
"1","  Conf Name"
"1","            Role"
"1"," Totals"
"1","   Ms"
"1","  M_%s"
"1","   Fs"
"1","  F_%s"
"1","   NAs"
"1","  NA_%s"
"1","
1"
"1"," Middleware"
"1","           Total"
"1","    145"
"1","  115"
"1"," 79.31"
"1","   16"
"1"," 11.03"
"1","    14"
"1","   9.66"
"1","
2"
"1"," Middleware"
"1","        pc_chair"
"1","      2"
"1","    1"
"1"," 50.00"
"1","    1"
"1"," 50.00"
"1","     0"
"1","   0.00"
"1","
3"
"1"," Middleware"
"1","              pc"
"1","     53"
"1","   45"
"1"," 84.91"
"1","    8"
"1"," 15.09"
"1","     0"
"1","   0.00"
"1","
4"
"1"," Middleware"
"1","   session_chair"
"1","      7"
"1","    5"
"1"," 71.43"
"1","    2"
"1"," 28.57"
"1","     0"
"1","   0.00"
"1","
5"
"1"," Middleware"
"1","        panelist"
"1","      0"
"1","    0"
"1","   NaN"
"1","    0"
"1","   NaN"
"1","     0"
"1","    NaN"
"1","
6"
"1"," Middleware"
"1"," keynote_speaker"
"1","      2"
"1","    1"
"1"," 50.00"
"1","    1"
"1"," 50.00"
"1","     0"
"1","   0.00"
"1","
7"
"1"," Middleware"
"1","          author"
"1","     91"
"1","   71"
"1"," 78.02"
"1","    6"
"1","  6.59"
"1","    14"
"1","  15.38"
"1","
"
"1","
"
"1","[[36]]
"
"1"," "
"1"," Conf Name"
"1","            Role"
"1"," Totals"
"1","   Ms"
"1","   M_%s"
"1","   Fs"
"1","  F_%s"
"1","   NAs"
"1","  NA_%s"
"1","
1"
"1","   MobiCom"
"1","           Total"
"1","    220"
"1","  133"
"1","  60.45"
"1","   38"
"1"," 17.27"
"1","    49"
"1","  22.27"
"1","
2"
"1","   MobiCom"
"1","        pc_chair"
"1","      2"
"1","    2"
"1"," 100.00"
"1","    0"
"1","  0.00"
"1","     0"
"1","   0.00"
"1","
3"
"1","   MobiCom"
"1","              pc"
"1","     60"
"1","   48"
"1","  80.00"
"1","   12"
"1"," 20.00"
"1","     0"
"1","   0.00"
"1","
4"
"1","   MobiCom"
"1","   session_chair"
"1","     10"
"1","    8"
"1","  80.00"
"1","    2"
"1"," 20.00"
"1","     0"
"1","   0.00"
"1","
5"
"1","   MobiCom"
"1","        panelist"
"1","      4"
"1","    3"
"1","  75.00"
"1","    1"
"1"," 25.00"
"1","     0"
"1","   0.00"
"1","
6"
"1","   MobiCom"
"1"," keynote_speaker"
"1","      3"
"1","    3"
"1"," 100.00"
"1","    0"
"1","  0.00"
"1","     0"
"1","   0.00"
"1","
7"
"1","   MobiCom"
"1","          author"
"1","    164"
"1","   88"
"1","  53.66"
"1","   27"
"1"," 16.46"
"1","    49"
"1","  29.88"
"1","
"
"1","
"
"1","[[37]]
"
"1"," "
"1"," Conf Name"
"1","            Role"
"1"," Totals"
"1","   Ms"
"1","   M_%s"
"1","   Fs"
"1","  F_%s"
"1","   NAs"
"1","  NA_%s"
"1","
1"
"1","      NDSS"
"1","           Total"
"1","    381"
"1","  273"
"1","  71.65"
"1","   56"
"1"," 14.70"
"1","    52"
"1","  13.65"
"1","
2"
"1","      NDSS"
"1","        pc_chair"
"1","      2"
"1","    2"
"1"," 100.00"
"1","    0"
"1","  0.00"
"1","     0"
"1","   0.00"
"1","
3"
"1","      NDSS"
"1","              pc"
"1","     63"
"1","   55"
"1","  87.30"
"1","    8"
"1"," 12.70"
"1","     0"
"1","   0.00"
"1","
4"
"1","      NDSS"
"1","   session_chair"
"1","     14"
"1","   12"
"1","  85.71"
"1","    2"
"1"," 14.29"
"1","     0"
"1","   0.00"
"1","
5"
"1","      NDSS"
"1","        panelist"
"1","      0"
"1","    0"
"1","    NaN"
"1","    0"
"1","   NaN"
"1","     0"
"1","    NaN"
"1","
6"
"1","      NDSS"
"1"," keynote_speaker"
"1","      2"
"1","    2"
"1"," 100.00"
"1","    0"
"1","  0.00"
"1","     0"
"1","   0.00"
"1","
7"
"1","      NDSS"
"1","          author"
"1","    328"
"1","  227"
"1","  69.21"
"1","   49"
"1"," 14.94"
"1","    52"
"1","  15.85"
"1","
"
"1","
"
"1","[[38]]
"
"1"," "
"1"," Conf Name"
"1","            Role"
"1"," Totals"
"1","   Ms"
"1","   M_%s"
"1","   Fs"
"1","  F_%s"
"1","   NAs"
"1","  NA_%s"
"1","
1"
"1","      NSDI"
"1","           Total"
"1","    243"
"1","  178"
"1","  73.25"
"1","   36"
"1"," 14.81"
"1","    29"
"1","  11.93"
"1","
2"
"1","      NSDI"
"1","        pc_chair"
"1","      2"
"1","    2"
"1"," 100.00"
"1","    0"
"1","  0.00"
"1","     0"
"1","   0.00"
"1","
3"
"1","      NSDI"
"1","              pc"
"1","     42"
"1","   34"
"1","  80.95"
"1","    8"
"1"," 19.05"
"1","     0"
"1","   0.00"
"1","
4"
"1","      NSDI"
"1","   session_chair"
"1","     13"
"1","   10"
"1","  76.92"
"1","    3"
"1"," 23.08"
"1","     0"
"1","   0.00"
"1","
5"
"1","      NSDI"
"1","        panelist"
"1","      0"
"1","    0"
"1","    NaN"
"1","    0"
"1","   NaN"
"1","     0"
"1","    NaN"
"1","
6"
"1","      NSDI"
"1"," keynote_speaker"
"1","      0"
"1","    0"
"1","    NaN"
"1","    0"
"1","   NaN"
"1","     0"
"1","    NaN"
"1","
7"
"1","      NSDI"
"1","          author"
"1","    209"
"1","  149"
"1","  71.29"
"1","   31"
"1"," 14.83"
"1","    29"
"1","  13.88"
"1","
"
"1","
"
"1","[[39]]
"
"1"," "
"1"," Conf Name"
"1","            Role"
"1"," Totals"
"1","   Ms"
"1","   M_%s"
"1","   Fs"
"1","  F_%s"
"1","   NAs"
"1","  NA_%s"
"1","
1"
"1","    OOPSLA"
"1","           Total"
"1","    263"
"1","  197"
"1","  74.90"
"1","   45"
"1"," 17.11"
"1","    21"
"1","   7.98"
"1","
2"
"1","    OOPSLA"
"1","        pc_chair"
"1","      1"
"1","    1"
"1"," 100.00"
"1","    0"
"1","  0.00"
"1","     0"
"1","   0.00"
"1","
3"
"1","    OOPSLA"
"1","              pc"
"1","     30"
"1","   15"
"1","  50.00"
"1","   15"
"1"," 50.00"
"1","     0"
"1","   0.00"
"1","
4"
"1","    OOPSLA"
"1","   session_chair"
"1","     11"
"1","    9"
"1","  81.82"
"1","    2"
"1"," 18.18"
"1","     0"
"1","   0.00"
"1","
5"
"1","    OOPSLA"
"1","        panelist"
"1","      0"
"1","    0"
"1","    NaN"
"1","    0"
"1","   NaN"
"1","     0"
"1","    NaN"
"1","
6"
"1","    OOPSLA"
"1"," keynote_speaker"
"1","      0"
"1","    0"
"1","    NaN"
"1","    0"
"1","   NaN"
"1","     0"
"1","    NaN"
"1","
7"
"1","    OOPSLA"
"1","          author"
"1","    232"
"1","  178"
"1","  76.72"
"1","   33"
"1"," 14.22"
"1","    21"
"1","   9.05"
"1","
"
"1","
"
"1","[[40]]
"
"1"," "
"1"," Conf Name"
"1","            Role"
"1"," Totals"
"1","   Ms"
"1","   M_%s"
"1","   Fs"
"1","  F_%s"
"1","   NAs"
"1","  NA_%s"
"1","
1"
"1","      PACT"
"1","           Total"
"1","    129"
"1","   99"
"1","  76.74"
"1","   11"
"1","  8.53"
"1","    19"
"1","  14.73"
"1","
2"
"1","      PACT"
"1","        pc_chair"
"1","      1"
"1","    1"
"1"," 100.00"
"1","    0"
"1","  0.00"
"1","     0"
"1","   0.00"
"1","
3"
"1","      PACT"
"1","              pc"
"1","     33"
"1","   29"
"1","  87.88"
"1","    4"
"1"," 12.12"
"1","     0"
"1","   0.00"
"1","
4"
"1","      PACT"
"1","   session_chair"
"1","     11"
"1","   11"
"1"," 100.00"
"1","    0"
"1","  0.00"
"1","     0"
"1","   0.00"
"1","
5"
"1","      PACT"
"1","        panelist"
"1","      0"
"1","    0"
"1","    NaN"
"1","    0"
"1","   NaN"
"1","     0"
"1","    NaN"
"1","
6"
"1","      PACT"
"1"," keynote_speaker"
"1","      3"
"1","    3"
"1"," 100.00"
"1","    0"
"1","  0.00"
"1","     0"
"1","   0.00"
"1","
7"
"1","      PACT"
"1","          author"
"1","     89"
"1","   63"
"1","  70.79"
"1","    7"
"1","  7.87"
"1","    19"
"1","  21.35"
"1","
"
"1","
"
"1","[[41]]
"
"1"," "
"1"," Conf Name"
"1","            Role"
"1"," Totals"
"1","   Ms"
"1","   M_%s"
"1","   Fs"
"1","  F_%s"
"1","   NAs"
"1","  NA_%s"
"1","
1"
"1","      PLDI"
"1","           Total"
"1","    219"
"1","  185"
"1","  84.47"
"1","   18"
"1","  8.22"
"1","    16"
"1","   7.31"
"1","
2"
"1","      PLDI"
"1","        pc_chair"
"1","      1"
"1","    1"
"1"," 100.00"
"1","    0"
"1","  0.00"
"1","     0"
"1","   0.00"
"1","
3"
"1","      PLDI"
"1","              pc"
"1","     56"
"1","   52"
"1","  92.86"
"1","    4"
"1","  7.14"
"1","     0"
"1","   0.00"
"1","
4"
"1","      PLDI"
"1","   session_chair"
"1","     13"
"1","   13"
"1"," 100.00"
"1","    0"
"1","  0.00"
"1","     0"
"1","   0.00"
"1","
5"
"1","      PLDI"
"1","        panelist"
"1","      0"
"1","    0"
"1","    NaN"
"1","    0"
"1","   NaN"
"1","     0"
"1","    NaN"
"1","
6"
"1","      PLDI"
"1"," keynote_speaker"
"1","      3"
"1","    3"
"1"," 100.00"
"1","    0"
"1","  0.00"
"1","     0"
"1","   0.00"
"1","
7"
"1","      PLDI"
"1","          author"
"1","    173"
"1","  143"
"1","  82.66"
"1","   14"
"1","  8.09"
"1","    16"
"1","   9.25"
"1","
"
"1","
"
"1","[[42]]
"
"1"," "
"1"," Conf Name"
"1","            Role"
"1"," Totals"
"1","   Ms"
"1","   M_%s"
"1","   Fs"
"1","  F_%s"
"1","   NAs"
"1","  NA_%s"
"1","
1"
"1","      PODC"
"1","           Total"
"1","    135"
"1","  103"
"1","  76.30"
"1","   25"
"1"," 18.52"
"1","     7"
"1","   5.19"
"1","
2"
"1","      PODC"
"1","        pc_chair"
"1","      1"
"1","    1"
"1"," 100.00"
"1","    0"
"1","  0.00"
"1","     0"
"1","   0.00"
"1","
3"
"1","      PODC"
"1","              pc"
"1","     38"
"1","   24"
"1","  63.16"
"1","   14"
"1"," 36.84"
"1","     0"
"1","   0.00"
"1","
4"
"1","      PODC"
"1","   session_chair"
"1","      9"
"1","    5"
"1","  55.56"
"1","    4"
"1"," 44.44"
"1","     0"
"1","   0.00"
"1","
5"
"1","      PODC"
"1","        panelist"
"1","      0"
"1","    0"
"1","    NaN"
"1","    0"
"1","   NaN"
"1","     0"
"1","    NaN"
"1","
6"
"1","      PODC"
"1"," keynote_speaker"
"1","      3"
"1","    3"
"1"," 100.00"
"1","    0"
"1","  0.00"
"1","     0"
"1","   0.00"
"1","
7"
"1","      PODC"
"1","          author"
"1","    101"
"1","   82"
"1","  81.19"
"1","   12"
"1"," 11.88"
"1","     7"
"1","   6.93"
"1","
"
"1","
"
"1","[[43]]
"
"1"," "
"1"," Conf Name"
"1","            Role"
"1"," Totals"
"1","   Ms"
"1","   M_%s"
"1","   Fs"
"1","   F_%s"
"1","   NAs"
"1","  NA_%s"
"1","
1"
"1","      PODS"
"1","           Total"
"1","    111"
"1","   83"
"1","  74.77"
"1","   23"
"1","  20.72"
"1","     5"
"1","   4.50"
"1","
2"
"1","      PODS"
"1","        pc_chair"
"1","      1"
"1","    1"
"1"," 100.00"
"1","    0"
"1","   0.00"
"1","     0"
"1","   0.00"
"1","
3"
"1","      PODS"
"1","              pc"
"1","     21"
"1","   17"
"1","  80.95"
"1","    4"
"1","  19.05"
"1","     0"
"1","   0.00"
"1","
4"
"1","      PODS"
"1","   session_chair"
"1","      8"
"1","    7"
"1","  87.50"
"1","    1"
"1","  12.50"
"1","     0"
"1","   0.00"
"1","
5"
"1","      PODS"
"1","        panelist"
"1","      0"
"1","    0"
"1","    NaN"
"1","    0"
"1","    NaN"
"1","     0"
"1","    NaN"
"1","
6"
"1","      PODS"
"1"," keynote_speaker"
"1","      1"
"1","    0"
"1","   0.00"
"1","    1"
"1"," 100.00"
"1","     0"
"1","   0.00"
"1","
7"
"1","      PODS"
"1","          author"
"1","     91"
"1","   67"
"1","  73.63"
"1","   19"
"1","  20.88"
"1","     5"
"1","   5.49"
"1","
"
"1","
"
"1","[[44]]
"
"1"," "
"1"," Conf Name"
"1","            Role"
"1"," Totals"
"1","   Ms"
"1","   M_%s"
"1","   Fs"
"1","  F_%s"
"1","   NAs"
"1","  NA_%s"
"1","
1"
"1","     PPoPP"
"1","           Total"
"1","    163"
"1","  123"
"1","  75.46"
"1","   22"
"1"," 13.50"
"1","    18"
"1","  11.04"
"1","
2"
"1","     PPoPP"
"1","        pc_chair"
"1","      1"
"1","    1"
"1"," 100.00"
"1","    0"
"1","  0.00"
"1","     0"
"1","   0.00"
"1","
3"
"1","     PPoPP"
"1","              pc"
"1","     44"
"1","   36"
"1","  81.82"
"1","    7"
"1"," 15.91"
"1","     1"
"1","   2.27"
"1","
4"
"1","     PPoPP"
"1","   session_chair"
"1","      8"
"1","    7"
"1","  87.50"
"1","    1"
"1"," 12.50"
"1","     0"
"1","   0.00"
"1","
5"
"1","     PPoPP"
"1","        panelist"
"1","      0"
"1","    0"
"1","    NaN"
"1","    0"
"1","   NaN"
"1","     0"
"1","    NaN"
"1","
6"
"1","     PPoPP"
"1"," keynote_speaker"
"1","      3"
"1","    3"
"1"," 100.00"
"1","    0"
"1","  0.00"
"1","     0"
"1","   0.00"
"1","
7"
"1","     PPoPP"
"1","          author"
"1","    123"
"1","   90"
"1","  73.17"
"1","   16"
"1"," 13.01"
"1","    17"
"1","  13.82"
"1","
"
"1","
"
"1","[[45]]
"
"1"," "
"1"," Conf Name"
"1","            Role"
"1"," Totals"
"1","   Ms"
"1","  M_%s"
"1","   Fs"
"1","  F_%s"
"1","   NAs"
"1","  NA_%s"
"1","
1"
"1","        SC"
"1","           Total"
"1","   1337"
"1","  997"
"1"," 74.57"
"1","  221"
"1"," 16.53"
"1","   119"
"1","   8.90"
"1","
2"
"1","        SC"
"1","        pc_chair"
"1","      8"
"1","    7"
"1"," 87.50"
"1","    1"
"1"," 12.50"
"1","     0"
"1","   0.00"
"1","
3"
"1","        SC"
"1","              pc"
"1","    429"
"1","  325"
"1"," 75.76"
"1","  101"
"1"," 23.54"
"1","     3"
"1","   0.70"
"1","
4"
"1","        SC"
"1","   session_chair"
"1","     92"
"1","   71"
"1"," 77.17"
"1","   21"
"1"," 22.83"
"1","     0"
"1","   0.00"
"1","
5"
"1","        SC"
"1","        panelist"
"1","    108"
"1","   90"
"1"," 83.33"
"1","   18"
"1"," 16.67"
"1","     0"
"1","   0.00"
"1","
6"
"1","        SC"
"1"," keynote_speaker"
"1","     15"
"1","   11"
"1"," 73.33"
"1","    4"
"1"," 26.67"
"1","     0"
"1","   0.00"
"1","
7"
"1","        SC"
"1","          author"
"1","    858"
"1","  633"
"1"," 73.78"
"1","  109"
"1"," 12.70"
"1","   116"
"1","  13.52"
"1","
"
"1","
"
"1","[[46]]
"
"1"," "
"1"," Conf Name"
"1","            Role"
"1"," Totals"
"1","   Ms"
"1","   M_%s"
"1","   Fs"
"1","  F_%s"
"1","   NAs"
"1","  NA_%s"
"1","
1"
"1","   SIGCOMM"
"1","           Total"
"1","    254"
"1","  194"
"1","  76.38"
"1","   33"
"1"," 12.99"
"1","    27"
"1","  10.63"
"1","
2"
"1","   SIGCOMM"
"1","        pc_chair"
"1","      2"
"1","    2"
"1"," 100.00"
"1","    0"
"1","  0.00"
"1","     0"
"1","   0.00"
"1","
3"
"1","   SIGCOMM"
"1","              pc"
"1","     50"
"1","   39"
"1","  78.00"
"1","   11"
"1"," 22.00"
"1","     0"
"1","   0.00"
"1","
4"
"1","   SIGCOMM"
"1","   session_chair"
"1","     12"
"1","    9"
"1","  75.00"
"1","    3"
"1"," 25.00"
"1","     0"
"1","   0.00"
"1","
5"
"1","   SIGCOMM"
"1","        panelist"
"1","      0"
"1","    0"
"1","    NaN"
"1","    0"
"1","   NaN"
"1","     0"
"1","    NaN"
"1","
6"
"1","   SIGCOMM"
"1"," keynote_speaker"
"1","      2"
"1","    1"
"1","  50.00"
"1","    1"
"1"," 50.00"
"1","     0"
"1","   0.00"
"1","
7"
"1","   SIGCOMM"
"1","          author"
"1","    216"
"1","  164"
"1","  75.93"
"1","   25"
"1"," 11.57"
"1","    27"
"1","  12.50"
"1","
"
"1","
"
"1","[[47]]
"
"1"," "
"1"," Conf Name"
"1","            Role"
"1"," Totals"
"1","   Ms"
"1","   M_%s"
"1","   Fs"
"1","  F_%s"
"1","   NAs"
"1","  NA_%s"
"1","
1"
"1","     SIGIR"
"1","           Total"
"1","    479"
"1","  331"
"1","  69.10"
"1","   95"
"1"," 19.83"
"1","    53"
"1","  11.06"
"1","
2"
"1","     SIGIR"
"1","        pc_chair"
"1","      3"
"1","    3"
"1"," 100.00"
"1","    0"
"1","  0.00"
"1","     0"
"1","   0.00"
"1","
3"
"1","     SIGIR"
"1","              pc"
"1","    283"
"1","  235"
"1","  83.04"
"1","   46"
"1"," 16.25"
"1","     2"
"1","   0.71"
"1","
4"
"1","     SIGIR"
"1","   session_chair"
"1","     19"
"1","   12"
"1","  63.16"
"1","    7"
"1"," 36.84"
"1","     0"
"1","   0.00"
"1","
5"
"1","     SIGIR"
"1","        panelist"
"1","      0"
"1","    0"
"1","    NaN"
"1","    0"
"1","   NaN"
"1","     0"
"1","    NaN"
"1","
6"
"1","     SIGIR"
"1"," keynote_speaker"
"1","      2"
"1","    1"
"1","  50.00"
"1","    1"
"1"," 50.00"
"1","     0"
"1","   0.00"
"1","
7"
"1","     SIGIR"
"1","          author"
"1","    264"
"1","  157"
"1","  59.47"
"1","   56"
"1"," 21.21"
"1","    51"
"1","  19.32"
"1","
"
"1","
"
"1","[[48]]
"
"1"," "
"1","  Conf Name"
"1","            Role"
"1"," Totals"
"1","   Ms"
"1","   M_%s"
"1","   Fs"
"1","  F_%s"
"1","   NAs"
"1","  NA_%s"
"1","
1"
"1"," SIGMETRICS"
"1","           Total"
"1","    155"
"1","  120"
"1","  77.42"
"1","   23"
"1"," 14.84"
"1","    12"
"1","   7.74"
"1","
2"
"1"," SIGMETRICS"
"1","        pc_chair"
"1","      3"
"1","    2"
"1","  66.67"
"1","    1"
"1"," 33.33"
"1","     0"
"1","   0.00"
"1","
3"
"1"," SIGMETRICS"
"1","              pc"
"1","     59"
"1","   51"
"1","  86.44"
"1","    8"
"1"," 13.56"
"1","     0"
"1","   0.00"
"1","
4"
"1"," SIGMETRICS"
"1","   session_chair"
"1","      9"
"1","    9"
"1"," 100.00"
"1","    0"
"1","  0.00"
"1","     0"
"1","   0.00"
"1","
5"
"1"," SIGMETRICS"
"1","        panelist"
"1","      0"
"1","    0"
"1","    NaN"
"1","    0"
"1","   NaN"
"1","     0"
"1","    NaN"
"1","
6"
"1"," SIGMETRICS"
"1"," keynote_speaker"
"1","      2"
"1","    2"
"1"," 100.00"
"1","    0"
"1","  0.00"
"1","     0"
"1","   0.00"
"1","
7"
"1"," SIGMETRICS"
"1","          author"
"1","    101"
"1","   73"
"1","  72.28"
"1","   16"
"1"," 15.84"
"1","    12"
"1","  11.88"
"1","
"
"1","
"
"1","[[49]]
"
"1"," "
"1"," Conf Name"
"1","            Role"
"1"," Totals"
"1","   Ms"
"1","   M_%s"
"1","   Fs"
"1","  F_%s"
"1","   NAs"
"1","  NA_%s"
"1","
1"
"1","    SIGMOD"
"1","           Total"
"1","    486"
"1","  364"
"1","  74.90"
"1","   74"
"1"," 15.23"
"1","    48"
"1","   9.88"
"1","
2"
"1","    SIGMOD"
"1","        pc_chair"
"1","      3"
"1","    2"
"1","  66.67"
"1","    1"
"1"," 33.33"
"1","     0"
"1","   0.00"
"1","
3"
"1","    SIGMOD"
"1","              pc"
"1","    176"
"1","  147"
"1","  83.52"
"1","   29"
"1"," 16.48"
"1","     0"
"1","   0.00"
"1","
4"
"1","    SIGMOD"
"1","   session_chair"
"1","     35"
"1","   33"
"1","  94.29"
"1","    2"
"1","  5.71"
"1","     0"
"1","   0.00"
"1","
5"
"1","    SIGMOD"
"1","        panelist"
"1","      7"
"1","    7"
"1"," 100.00"
"1","    0"
"1","  0.00"
"1","     0"
"1","   0.00"
"1","
6"
"1","    SIGMOD"
"1"," keynote_speaker"
"1","      0"
"1","    0"
"1","    NaN"
"1","    0"
"1","   NaN"
"1","     0"
"1","    NaN"
"1","
7"
"1","    SIGMOD"
"1","          author"
"1","    335"
"1","  239"
"1","  71.34"
"1","   48"
"1"," 14.33"
"1","    48"
"1","  14.33"
"1","
"
"1","
"
"1","[[50]]
"
"1"," "
"1"," Conf Name"
"1","            Role"
"1"," Totals"
"1","   Ms"
"1","   M_%s"
"1","   Fs"
"1","  F_%s"
"1","   NAs"
"1","  NA_%s"
"1","
1"
"1","       SLE"
"1","           Total"
"1","     94"
"1","   77"
"1","  81.91"
"1","   11"
"1"," 11.70"
"1","     6"
"1","   6.38"
"1","
2"
"1","       SLE"
"1","        pc_chair"
"1","      2"
"1","    2"
"1"," 100.00"
"1","    0"
"1","  0.00"
"1","     0"
"1","   0.00"
"1","
3"
"1","       SLE"
"1","              pc"
"1","     28"
"1","   23"
"1","  82.14"
"1","    5"
"1"," 17.86"
"1","     0"
"1","   0.00"
"1","
4"
"1","       SLE"
"1","   session_chair"
"1","      6"
"1","    6"
"1"," 100.00"
"1","    0"
"1","  0.00"
"1","     0"
"1","   0.00"
"1","
5"
"1","       SLE"
"1","        panelist"
"1","      0"
"1","    0"
"1","    NaN"
"1","    0"
"1","   NaN"
"1","     0"
"1","    NaN"
"1","
6"
"1","       SLE"
"1"," keynote_speaker"
"1","      1"
"1","    1"
"1"," 100.00"
"1","    0"
"1","  0.00"
"1","     0"
"1","   0.00"
"1","
7"
"1","       SLE"
"1","          author"
"1","     68"
"1","   56"
"1","  82.35"
"1","    6"
"1","  8.82"
"1","     6"
"1","   8.82"
"1","
"
"1","
"
"1","[[51]]
"
"1"," "
"1"," Conf Name"
"1","            Role"
"1"," Totals"
"1","   Ms"
"1","   M_%s"
"1","   Fs"
"1","  F_%s"
"1","   NAs"
"1","  NA_%s"
"1","
1"
"1","      SOCC"
"1","           Total"
"1","    248"
"1","  172"
"1","  69.35"
"1","   40"
"1"," 16.13"
"1","    36"
"1","  14.52"
"1","
2"
"1","      SOCC"
"1","        pc_chair"
"1","      2"
"1","    2"
"1"," 100.00"
"1","    0"
"1","  0.00"
"1","     0"
"1","   0.00"
"1","
3"
"1","      SOCC"
"1","              pc"
"1","     52"
"1","   44"
"1","  84.62"
"1","    8"
"1"," 15.38"
"1","     0"
"1","   0.00"
"1","
4"
"1","      SOCC"
"1","   session_chair"
"1","     12"
"1","    9"
"1","  75.00"
"1","    3"
"1"," 25.00"
"1","     0"
"1","   0.00"
"1","
5"
"1","      SOCC"
"1","        panelist"
"1","      0"
"1","    0"
"1","    NaN"
"1","    0"
"1","   NaN"
"1","     0"
"1","    NaN"
"1","
6"
"1","      SOCC"
"1"," keynote_speaker"
"1","      3"
"1","    2"
"1","  66.67"
"1","    1"
"1"," 33.33"
"1","     0"
"1","   0.00"
"1","
7"
"1","      SOCC"
"1","          author"
"1","    195"
"1","  124"
"1","  63.59"
"1","   35"
"1"," 17.95"
"1","    36"
"1","  18.46"
"1","
"
"1","
"
"1","[[52]]
"
"1"," "
"1"," Conf Name"
"1","            Role"
"1"," Totals"
"1","   Ms"
"1","   M_%s"
"1","   Fs"
"1","  F_%s"
"1","   NAs"
"1","  NA_%s"
"1","
1"
"1","      SOSP"
"1","           Total"
"1","    262"
"1","  200"
"1","  76.34"
"1","   31"
"1"," 11.83"
"1","    31"
"1","  11.83"
"1","
2"
"1","      SOSP"
"1","        pc_chair"
"1","      2"
"1","    2"
"1"," 100.00"
"1","    0"
"1","  0.00"
"1","     0"
"1","   0.00"
"1","
3"
"1","      SOSP"
"1","              pc"
"1","     56"
"1","   51"
"1","  91.07"
"1","    5"
"1","  8.93"
"1","     0"
"1","   0.00"
"1","
4"
"1","      SOSP"
"1","   session_chair"
"1","     13"
"1","   11"
"1","  84.62"
"1","    2"
"1"," 15.38"
"1","     0"
"1","   0.00"
"1","
5"
"1","      SOSP"
"1","        panelist"
"1","      0"
"1","    0"
"1","    NaN"
"1","    0"
"1","   NaN"
"1","     0"
"1","    NaN"
"1","
6"
"1","      SOSP"
"1"," keynote_speaker"
"1","      0"
"1","    0"
"1","    NaN"
"1","    0"
"1","   NaN"
"1","     0"
"1","    NaN"
"1","
7"
"1","      SOSP"
"1","          author"
"1","    218"
"1","  160"
"1","  73.39"
"1","   27"
"1"," 12.39"
"1","    31"
"1","  14.22"
"1","
"
"1","
"
"1","[[53]]
"
"1"," "
"1"," Conf Name"
"1","            Role"
"1"," Totals"
"1","   Ms"
"1","   M_%s"
"1","   Fs"
"1","  F_%s"
"1","   NAs"
"1","  NA_%s"
"1","
1"
"1","        SP"
"1","           Total"
"1","   1107"
"1","  817"
"1","  73.80"
"1","  159"
"1"," 14.36"
"1","   131"
"1","  11.83"
"1","
2"
"1","        SP"
"1","        pc_chair"
"1","      7"
"1","    7"
"1"," 100.00"
"1","    0"
"1","  0.00"
"1","     0"
"1","   0.00"
"1","
3"
"1","        SP"
"1","              pc"
"1","    230"
"1","  185"
"1","  80.43"
"1","   45"
"1"," 19.57"
"1","     0"
"1","   0.00"
"1","
4"
"1","        SP"
"1","   session_chair"
"1","     56"
"1","   43"
"1","  76.79"
"1","   13"
"1"," 23.21"
"1","     0"
"1","   0.00"
"1","
5"
"1","        SP"
"1","        panelist"
"1","      0"
"1","    0"
"1","    NaN"
"1","    0"
"1","   NaN"
"1","     0"
"1","    NaN"
"1","
6"
"1","        SP"
"1"," keynote_speaker"
"1","      6"
"1","    5"
"1","  83.33"
"1","    1"
"1"," 16.67"
"1","     0"
"1","   0.00"
"1","
7"
"1","        SP"
"1","          author"
"1","    917"
"1","  663"
"1","  72.30"
"1","  123"
"1"," 13.41"
"1","   131"
"1","  14.29"
"1","
"
"1","
"
"1","[[54]]
"
"1"," "
"1"," Conf Name"
"1","            Role"
"1"," Totals"
"1","   Ms"
"1","   M_%s"
"1","   Fs"
"1","  F_%s"
"1","   NAs"
"1","  NA_%s"
"1","
1"
"1","      SPAA"
"1","           Total"
"1","    119"
"1","   97"
"1","  81.51"
"1","   14"
"1"," 11.76"
"1","     8"
"1","   6.72"
"1","
2"
"1","      SPAA"
"1","        pc_chair"
"1","      1"
"1","    1"
"1"," 100.00"
"1","    0"
"1","  0.00"
"1","     0"
"1","   0.00"
"1","
3"
"1","      SPAA"
"1","              pc"
"1","     40"
"1","   35"
"1","  87.50"
"1","    5"
"1"," 12.50"
"1","     0"
"1","   0.00"
"1","
4"
"1","      SPAA"
"1","   session_chair"
"1","      8"
"1","    6"
"1","  75.00"
"1","    2"
"1"," 25.00"
"1","     0"
"1","   0.00"
"1","
5"
"1","      SPAA"
"1","        panelist"
"1","      0"
"1","    0"
"1","    NaN"
"1","    0"
"1","   NaN"
"1","     0"
"1","    NaN"
"1","
6"
"1","      SPAA"
"1"," keynote_speaker"
"1","      3"
"1","    3"
"1"," 100.00"
"1","    0"
"1","  0.00"
"1","     0"
"1","   0.00"
"1","
7"
"1","      SPAA"
"1","          author"
"1","     84"
"1","   66"
"1","  78.57"
"1","   10"
"1"," 11.90"
"1","     8"
"1","   9.52"
"1","
"
"1","
"
"1","[[55]]
"
"1"," "
"1"," Conf Name"
"1","            Role"
"1"," Totals"
"1","   Ms"
"1","   M_%s"
"1","   Fs"
"1","  F_%s"
"1","   NAs"
"1","  NA_%s"
"1","
1"
"1","    SYSTOR"
"1","           Total"
"1","    103"
"1","   77"
"1","  74.76"
"1","   14"
"1"," 13.59"
"1","    12"
"1","  11.65"
"1","
2"
"1","    SYSTOR"
"1","        pc_chair"
"1","      2"
"1","    2"
"1"," 100.00"
"1","    0"
"1","  0.00"
"1","     0"
"1","   0.00"
"1","
3"
"1","    SYSTOR"
"1","              pc"
"1","     33"
"1","   28"
"1","  84.85"
"1","    5"
"1"," 15.15"
"1","     0"
"1","   0.00"
"1","
4"
"1","    SYSTOR"
"1","   session_chair"
"1","      8"
"1","    5"
"1","  62.50"
"1","    3"
"1"," 37.50"
"1","     0"
"1","   0.00"
"1","
5"
"1","    SYSTOR"
"1","        panelist"
"1","      0"
"1","    0"
"1","    NaN"
"1","    0"
"1","   NaN"
"1","     0"
"1","    NaN"
"1","
6"
"1","    SYSTOR"
"1"," keynote_speaker"
"1","      3"
"1","    3"
"1"," 100.00"
"1","    0"
"1","  0.00"
"1","     0"
"1","   0.00"
"1","
7"
"1","    SYSTOR"
"1","          author"
"1","     64"
"1","   45"
"1","  70.31"
"1","    7"
"1"," 10.94"
"1","    12"
"1","  18.75"
"1","
"
"1","
"
"1","[[56]]
"
"1"," "
"1"," Conf Name"
"1","            Role"
"1"," Totals"
"1","   Ms"
"1","   M_%s"
"1","   Fs"
"1","  F_%s"
"1","   NAs"
"1","  NA_%s"
"1","
1"
"1","       VEE"
"1","           Total"
"1","    105"
"1","   75"
"1","  71.43"
"1","   14"
"1"," 13.33"
"1","    16"
"1","  15.24"
"1","
2"
"1","       VEE"
"1","        pc_chair"
"1","      2"
"1","    2"
"1"," 100.00"
"1","    0"
"1","  0.00"
"1","     0"
"1","   0.00"
"1","
3"
"1","       VEE"
"1","              pc"
"1","     19"
"1","   14"
"1","  73.68"
"1","    5"
"1"," 26.32"
"1","     0"
"1","   0.00"
"1","
4"
"1","       VEE"
"1","   session_chair"
"1","      6"
"1","    5"
"1","  83.33"
"1","    1"
"1"," 16.67"
"1","     0"
"1","   0.00"
"1","
5"
"1","       VEE"
"1","        panelist"
"1","      0"
"1","    0"
"1","    NaN"
"1","    0"
"1","   NaN"
"1","     0"
"1","    NaN"
"1","
6"
"1","       VEE"
"1"," keynote_speaker"
"1","      2"
"1","    1"
"1","  50.00"
"1","    1"
"1"," 50.00"
"1","     0"
"1","   0.00"
"1","
7"
"1","       VEE"
"1","          author"
"1","     85"
"1","   61"
"1","  71.76"
"1","    8"
"1","  9.41"
"1","    16"
"1","  18.82"
"1","
"
"1","
"
"1","[[57]]
"
"1"," "
"1"," Conf Name"
"1","            Role"
"1"," Totals"
"1","   Ms"
"1","  M_%s"
"1","   Fs"
"1","  F_%s"
"1","   NAs"
"1","  NA_%s"
"1","
1"
"1","   Overall"
"1","           Total"
"1","  10476"
"1"," 7548"
"1"," 72.05"
"1"," 1601"
"1"," 15.28"
"1","  1327"
"1","  12.67"
"1","
2"
"1","   Overall"
"1","        pc_chair"
"1","    119"
"1","  100"
"1"," 84.03"
"1","   19"
"1"," 15.97"
"1","     0"
"1","   0.00"
"1","
3"
"1","   Overall"
"1","              pc"
"1","   3238"
"1"," 2696"
"1"," 83.26"
"1","  529"
"1"," 16.34"
"1","    13"
"1","   0.40"
"1","
4"
"1","   Overall"
"1","   session_chair"
"1","    683"
"1","  562"
"1"," 82.28"
"1","  121"
"1"," 17.72"
"1","     0"
"1","   0.00"
"1","
5"
"1","   Overall"
"1","        panelist"
"1","    207"
"1","  168"
"1"," 81.16"
"1","   39"
"1"," 18.84"
"1","     0"
"1","   0.00"
"1","
6"
"1","   Overall"
"1"," keynote_speaker"
"1","    102"
"1","   82"
"1"," 80.39"
"1","   20"
"1"," 19.61"
"1","     0"
"1","   0.00"
"1","
7"
"1","   Overall"
"1","          author"
"1","   8211"
"1"," 5714"
"1"," 69.59"
"1"," 1182"
"1"," 14.40"
"1","  1315"
"1","  16.02"
"1","
"
"1","
"
"0","TMpc = (empt.data[currdoing,5])"
"0","TFpc = (empt.data[currdoing,7])"
"0","TNApc = (empt.data[currdoing,9])"
"0","gender = rep(c(""M"",""F"",""NA""),57)"
"0","conf_names <- c(conf_names, rep(""Total"",3))"
"0","percentages <- c(percentages, TMpc, TFpc, TNApc)"
"0","Fpercentages <- c(Fpercentages, rep(TFpc,3))"
"0","TMc = (empt.data[currdoing,4])"
"0","TFc = (empt.data[currdoing,6])"
"0","conf_namess <-c(conf_namess, ""Total"")"
"0","if(TMc == 0){"
"0","  rati = Fc/1"
"0","} else if (TFc == 0){"
"0","  rati = 0.01"
"0","} else {"
"0","  rati = TFc/TMc"
"0","}"
"0","ratios <- c(ratios, rati)"
"0","shade <- c(shade, ""2"")"
"0","ratios <- c(ratios, 0.2)"
"0","shade <- c(shade, ""3"")"
"0","conf_namess <-c(conf_namess, ""Graduates"")"
"0","#general"
"0","#plotdata = data.frame(conf_names,gender,percentages,Fpercentages)"
"0","#plotdata$conf_names <- factor(plotdata$conf_names, levels = unique(plotdata$conf_names[order(plotdata$Fpercentages)]))"
"0","#outplot <-  ggplot() + geom_bar(aes(fill = gender, y = percentages, x = conf_names), data = plotdata, stat= ""identity"", position = ""fill"") + labs(title=""Distribution of Gender amongst PC Members"", x =""Conferences"", y = ""Proportion of Genders"") + scale_y_continuous(labels = dollar_format(suffix = ""%"", prefix = """")) + coord_flip()"
"0","#proportion"
"0","plotdata = data.frame(conf_namess, ratios, shade)"
"0","plotdata$conf_namess <- factor(plotdata$conf_namess, levels = unique(plotdata$conf_namess[order(plotdata$ratios)]))"
"0","outplot <- ggplot(data = plotdata, aes(y = ratios, x = conf_namess, fill = shade)) + geom_bar(stat= ""identity"") + labs(title=""Proportion of Gender amongst Authors"", x =""Conferences"", y = ""Proportion of Genders"") + theme_minimal() + coord_flip()"
"0","outplot"
